Time(s);X(m/s^2);Y(m/s^2);Z(m/s^2)
0,00521702;3,749253988;3,407080412;-2,037189484
0,02207327;4,563411713;2,882753134;-1,941177368
0,03892958;6,076273918;2,954537868;-1,081854939
0,0557851;7,220641613;2,509173632;0,448056042
0,07264056;7,244569778;3,857230186;2,016252279
0,08949682;6,722635269;7,661519051;0,064905316
0,10635312;5,920740604;16,73031616;-3,025724173
0,12320864;16,77787399;34,55684662;-5,161318302
0,14006411;11,67846966;20,87199402;-5,333900928
0,15692036;4,951049328;11,1568346;-1,831107497
0,17377666;5,954239845;9,490532875;-1,062712312
0,19063218;9,576674461;9,282057762;2,226820469
0,20748765;8,424829483;6,512365818;4,482056141
0,2243439;7,792825222;4,525126934;3,265903711
0,2412002;7,306783199;4,503591537;3,000001431
0,25805572;6,411568165;4,869992256;2,327319145
0,27491119;5,99491787;6,093322754;-0,183948234
0,29176744;5,88006258;7,366902828;-5,233103275
0,30862374;4,493721008;6,911967278;-7,696813107
0,32547926;3,734897137;6,868896484;-6,923333168
0,34233473;2,714956284;6,253642082;-5,216353416
0,35919098;1,716850281;5,580959797;-3,535694599
0,37604734;1,700100541;5,487639427;-2,9491539
0,3929028;2,123630047;6,220142365;-2,178365946
0,40975827;2,830111027;6,653542519;-2,168794632
0,42661458;3,665505171;6,007181168;-2,341077805
0,44347088;4,151547432;4,781158924;-2,831905603
0,46032635;4,517948151;3,591327667;-4,471886635
0,47718182;6,766005039;3,675375462;-6,533303261
0,49403812;10,22064304;4,589733124;-6,66251564
0,51089442;12,85155106;6,074180126;-8,596813202
0,52774994;13,79970741;5,035097122;-9,619147301
0,54460541;11,7526474;2,76311183;-9,015856743
0,56146166;8,065905571;2,025823355;-6,590730667
0,57831796;4,754837513;4,266701698;-3,463909864
0,59517348;5,489733219;10,63729286;-2,226222277
0,61202895;5,982954025;18,14985847;2,547757864
0,6288852;7,364510059;16,54337692;2,183749676
0,6457415;7,079464912;10,01007462;0,404985219
0,66259702;5,075775146;6,883253574;-1,591825247
0,67945249;4,287938118;10,20149994;-2,02761817
0,69630874;3,212962627;13,0887394;-1,019641519
0,71316504;1,843669891;14,58036613;-1,39561379
0,73002056;2,789133787;13,93161201;-1,536790371
0,74687603;2,777169704;10,63490009;-3,585943937
0,76373228;4,33340168;9,160024643;-5,455934525
0,78058859;5,221737385;7,867301941;-7,344769001
0,79744411;4,829015255;6,687041759;-10,20090199
0,81429958;2,533101797;6,615257263;-10,35165024
0,83115588;0,320937336;8,451449394;-9,255437851
0,84801218;0,924227774;10,23499966;-7,904988766
0,86486765;2,762812853;8,78195858;-6,676872253
0,88172317;7,709076405;5,76760006;1,025025368
0,89857942;5,963811398;3,610470295;7,340581894
0,91543572;3,035893679;4,544269085;2,997608662
0,93229124;2,616850615;6,725327015;-2,250150681
0,94914671;3,502793312;8,219346046;-3,104986429
0,96600296;4,314259052;8,743673325;-2,760120869
0,98285926;4,714159489;8,642875671;-2,681157827
0,99971478;4,551447868;8,571090698;-2,994617462
1,01657025;4,714159489;8,827422142;-3,890131474
1,0334265;4,793122768;8,920742035;-5,798108578
1,0502828;4,319045067;7,228118896;-6,64815855
1,06713833;3,337389469;5,030311584;-4,670490742
1,08399379;2,748456001;3,194119215;-2,367398977
1,1008501;3,011965513;3,201297522;-1,630110383
1,1177064;2,437388897;6,77796936;-4,636991024
1,13456187;1,659123421;8,592626572;-6,959225655
1,15141734;1,350449324;6,785147667;-5,350650311
1,16827364;2,533101797;5,456532955;-3,143271685
1,18512994;3,967299938;5,564209938;-2,736192703
1,20198546;5,317450047;5,159523964;-1,989332914
1,21884093;6,330212116;4,98963356;-0,006879365
1,23569718;6,557530403;5,298307419;1,288235903
1,25255348;5,56630373;8,791529655;0,962812007
1,269409;6,138487339;15,53809261;-0,313459754
1,28626447;11,28843975;23,89831543;-7,555636406
1,30312072;11,73829079;23,85733986;-8,060522079
1,31997708;5,480162144;15,49741459;-4,960321426
1,33683254;4,90319252;10,55115128;-2,429612398
1,35368801;6,052345753;8,417949677;-1,44347024
1,37054432;7,077072144;7,354938507;0,000299103
1,38740062;7,567899704;5,959324837;1,78145647
1,40425614;6,653243542;3,332902908;0,713659346
1,42111161;6,112166405;4,153940201;1,18055892
1,43796786;5,621338367;5,81545639;0,98913306
1,45482416;5,164309502;7,49132967;-1,622931957
1,47167968;4,488935471;8,31027317;-3,878167391
1,48853515;3,358924866;8,243273735;-4,249353886
1,50539145;2,492423773;8,006085396;-3,808775425
1,52224775;1,54905355;7,364510059;-2,915654421
1,53910322;1,630409479;6,742076874;-3,171985626
1,55595869;2,856431961;6,830611229;-3,382553816
1,57281499;3,184248686;6,708577156;-3,435195923
1,58967129;3,797110319;6,267998695;-3,480659723
1,60652682;5,142774105;5,293521881;-3,65563488
1,62338228;6,56470871;4,738088131;-3,887738705
1,64023853;7,431509018;4,913063049;-4,237389565
1,65709484;8,30279541;4,889134884;-4,893322468
1,67395036;9,100203514;5,734100342;-5,731109142
1,69080582;10,68275642;5,659923077;-5,88694191
1,70766213;10,22064304;4,620839596;-5,690431118
1,72451843;9,10977459;4,269094467;-5,412863731
1,74137395;8,307580948;4,264308929;-4,878965378
1,75822942;7,120142937;4,367200375;-4,512564182
1,77508567;5,872884274;4,805386066;-3,803989887
1,79194197;4,817050934;5,647958755;-2,800798893
1,80879749;4,797908306;7,71176815;-2,056331873
1,82565296;4,960620403;11,68594742;-2,369791746
1,84250926;9,401699066;16,37348747;-4,464707851
1,85936556;8,999705315;11,80080318;-2,599801779
1,87622103;3,057429075;6,445067883;-0,976570725
1,89307655;0,03379862;5,755635738;-0,330209523
1,9099328;1,192523003;9,684351921;-1,287637711
1,92678911;3,212962627;13,56281757;-1,876571178
1,94364463;5,781956673;12,5931263;-3,018545866
1,9605001;7,661220074;11,57348537;-3,35862565
1,9773564;7,065107822;8,963812828;-3,420839071
1,9942127;5,968596935;7,089335442;-4,052843571
2,01106817;4,759623528;6,658328056;-5,173282623
2,02792369;3,107678413;7,383652687;-7,442874908
2,04477994;1,91066885;8,635697365;-8,525029182
2,06163624;2,044667006;10,70668507;-8,496315002
2,07849176;2,892324448;10,56311512;-9,578469276
2,09534723;4,39800787;8,731708527;-9,427721024
2,11220348;5,09013176;6,100501537;-4,706383228
2,12905984;5,008476734;3,227618694;7,534400463
2,1459153;2,411067963;2,631506681;8,101798058
2,16277082;2,391925335;5,171487808;-0,780060172
2,17962708;3,529114246;7,9343009;-4,395316124
2,19648338;4,354937077;8,920742035;-3,715455294
2,2133389;4,503591537;8,772386551;-3,052045345
2,23019437;3,900001764;7,924729347;-2,640479803
2,24705067;3,126821041;7,04387188;-3,030509949
2,26390697;2,976073265;6,581758022;-3,88056016
2,28076249;2,973680258;5,820241928;-3,957130432
2,29761796;2,521137714;4,733302116;-2,815155745
2,31447421;2,521137714;4,680660248;-1,680359721
2,33133051;3,184248686;5,504389286;-3,689134359
2,34818603;2,499602318;7,036394119;-6,760621071
2,3650415;1,793420553;7,316653252;-6,430112839
2,3818978;1,869990945;5,518746376;-4,325924397
2,39875411;2,568994284;4,422235489;-3,076272726
2,41560963;3,902394533;3,797409534;-1,496112347
2,4324651;5,892026424;2,997608662;-0,545563579
2,44932135;6,636493683;2,674577475;-0,28713873
2,46617765;5,937490463;5,726922035;0,629910588
2,48303317;4,788337231;15,21954823;-0,602991283
2,49988864;9,971489906;26,67787933;-6,820441723
2,51674494;15,96401501;30,23062134;-9,774680138
2,53360124;7,101000309;14,98026657;-4,677669048
2,55045676;6,492924213;10,14167976;-2,791227579
2,56731223;7,807182312;8,825029373;-1,548754454
2,58416853;8,855836868;8,391629219;1,506281853
2,60102484;7,766504288;5,094917774;1,642672777
2,61788036;6,98614502;4,517948151;3,457329512
2,63473582;5,968596935;5,40389061;4,168296814
2,65159208;5,793920994;7,163512707;2,037787676
2,66844838;5,990132332;8,690732002;-2,898904562
2,6853039;4,623232365;7,864908695;-6,753442764
2,70215937;3,548256874;6,909574509;-7,663313389
2,71901567;2,880360365;6,538686752;-5,994618893
2,73587197;1,474876046;5,901597977;-3,650849104
2,75272749;1,455733418;6,267998695;-1,974975944
2,76958296;2,142772675;7,22094059;-1,378564954
2,78643926;2,324926376;7,467401028;-1,069890857
2,80329556;2,729313374;7,036394119;-1,929213285
2,82015109;3,861716747;6,06700182;-2,848655462
2,83700655;4,249652863;4,958526611;-3,526123285
2,8538628;4,800301552;4,029513359;-4,663312435
2,87071911;7,153642178;4,295415878;-6,042475224
2,88757463;10,75932693;6,433103561;-7,799704552
2,9044301;14,70957851;6,938288212;-8,190033913
2,9212864;14,32164192;4,867599487;-8,077271461
2,9381427;11,85583782;3,117548704;-8,381459236
2,95499822;7,342974663;2,138286114;-5,566004753
2,97185369;4,984548569;3,744767427;-2,941975355
2,98870999;6,229713917;8,630910873;-1,675574064
3,00556629;5,463412285;15,30568981;-0,344566464
3,02242182;5,918347836;16,90020752;1,192523003
3,03927728;7,338188648;13,04806232;-0,250947267
3,05613353;4,323830605;8,963812828;-0,114556387
3,07298984;4,101297855;9,789635658;-0,533599436
3,08984536;3,459722519;11,92044449;-0,468993247
3,10670083;2,171486616;12,52852058;-1,859821439
3,12355713;2,382354021;11,24776173;-3,109772205
3,14041343;4,065405846;9,416355133;-3,937987804
3,15726895;5,903990746;8,882456779;-5,353043556
3,17412442;5,86570549;8,044370651;-7,830811024
3,19098072;3,459722519;7,232904434;-10,79940701
3,20783702;1,019940615;8,09701252;-11,25673485
3,22469254;-0,406779856;10,34267712;-8,901000977
3,24154801;-0,390030086;10,63968563;-7,548159122
3,25840426;4,230510235;8,386843681;-1,704287887
3,27526062;5,532804012;4,714159489;5,983253002
3,29211614;2,973680258;4,762016296;4,070191383
3,30897161;2,971287489;6,672685146;-2,223829508
3,32582786;3,768396616;7,800302505;-2,762513638
3,34268416;4,460221291;8,108976364;-1,991725802
3,35953968;4,771587372;7,618448257;-1,821536183
3,3763952;4,433900356;7,153941631;-1,886142492
3,39325145;4,242474556;7,405188084;-3,059223652
3,41010775;3,732504129;7,579864025;-4,93878603
3,42696327;2,676671267;6,756433964;-5,728716373
3,44381874;1,683051586;5,628816128;-4,790431023
3,46067504;1,525125384;5,099703312;-2,211865425
3,47753135;2,094916344;6,028716564;-1,843071699
3,49438687;1,783849239;8,568697929;-4,522135735
3,51124234;1,438983679;10,19432163;-6,729514599
3,52809864;1,848455548;8,954241753;-5,25942421
3,54495494;2,731706142;7,000501633;-3,478266716
3,56181046;4,072584152;6,761219501;-2,118545294
3,57866593;5,29591465;6,040680885;-0,964606643
3,59552218;6,349354744;4,841278553;-0,150448725
3,61237853;6,004489422;4,331307888;-0,0738784
3,629234;5,116453171;4,185046673;-0,193519533
3,64608952;3,402294636;6,270391941;0,014656039
3,66294577;3,301496983;11,36501026;-2,15443778
3,67980208;6,830611229;18,17857361;-5,408078194
3,6966576;11,63061333;24,77438927;-11,17059326
3,71351306;6,447460651;18,39183235;-7,814061642
3,73036937;5,602196217;12,88056469;-2,623729944
3,74722567;6,155237198;9,818349838;0,043369912
3,76408119;8,111370087;7,764410496;4,47009182
3,78093666;7,36211729;3,232404232;3,9625144
3,79779296;6,466603279;2,525923491;3,9625144
3,81464926;7,256533623;4,71176672;2,758326292
3,83150478;7,52722168;7,065407276;-1,859821439
3,84836025;6,452246189;7,472187042;-7,950452328
3,86521655;5,28155756;7,012465954;-8,989535332
3,88207286;4,331008911;7,175477028;-6,681658268
3,89892838;2,57617259;6,900003433;-3,346661568
3,91578385;1,805384636;6,20817852;-0,708275497
3,93264015;2,221735716;6,844968319;-0,387637258
3,94949645;2,65513587;6,940680981;-1,912463546
3,96635197;2,866003275;6,189035892;-4,086342812
3,98320744;3,823431492;5,006382942;-4,536492825
4,00006369;4,800301552;4,333701134;-4,452744007
4,01692004;6,270391941;3,285046339;-4,752145767
4,03377556;7,872087479;3,636791229;-5,173282623
4,05063103;10,70907784;5,228915691;-5,915655613
4,06748728;13,92413425;6,689435005;-6,339185238
4,08434364;13,14856052;5,903990746;-6,597909451
4,10119916;10,75932693;5,844170094;-7,043273449
4,11805463;9,346664429;6,641578197;-6,614659309
4,13491088;9,076275826;9,102596283;-5,970690727
4,15176723;7,98215723;11,17837048;-5,372185707
4,16862275;5,789135456;9,62931633;-3,981058598
4,18547822;1,939382792;5,825027466;3,574577808
4,20233447;-0,442672193;6,177071571;1,802991867
4,21919077;0,862014353;7,642376423;-2,312364101
4,23604629;2,877967358;10,66839981;-2,338685036
4,25290182;6,052345753;14,01536083;-1,591825247
4,26975807;7,393223763;14,74786282;-0,854536772
4,28661437;6,821040154;11,62852001;-1,534397483
4,30346989;7,441080093;8,226524353;-4,979464054
4,32032536;5,415555954;5,533103466;-5,30728054
4,33718166;3,708575964;5,944967747;-4,297210217
4,35403796;3,380759239;8,779565811;-4,526921272
4,37089348;3,308675528;10,77607632;-4,768895626
4,38774895;3,045464993;11,52532959;-8,154141426
4,40460525;3,454936743;10,47697353;-10,48355389
4,42146155;4,07736969;8,041977882;-13,06421375
4,43831708;4,965405941;6,718148708;-12,59013557
4,45517254;5,204987526;5,947360516;-8,735896111
4,47202885;5,456233978;5,437390327;1,877169371
4,48888515;4,386044025;3,972085476;12,83988667
4,50574067;2,336890459;6,064609051;3,306581736
4,52259614;2,420639277;8,015656471;-3,205485106
4,53945244;2,949752092;8,070692062;-3,540480137
4,55630874;3,900001764;7,46261549;-2,793620348
4,57316426;3,847359657;6,725327015;-2,638087034
4,59001973;3,265604734;6,617650032;-2,489432812
4,60687603;2,664707184;7,264011383;-3,516551971
4,62373234;2,478066921;7,441080093;-4,648955345
4,64058786;1,89391911;6,110072613;-4,658526421
4,65744332;0,778265536;3,663112402;-2,834298372
4,67429963;0,957727253;2,928216696;-1,938784599
4,69115593;0,974476993;6,145965099;-4,936393261
4,70801145;0,462113887;9,485747337;-8,000701904
4,72486692;0,929013372;9,876076698;-7,165307522
4,74172322;1,960918188;7,175477028;-5,039284706
4,75857952;4,240081787;5,157131195;-2,032403708
4,77543504;5,437091351;4,692624092;-1,82632184
4,79229051;6,133701801;3,275475025;-0,835394204
4,80914682;6,653243542;1,54217422;0,08644072
4,82600312;6,114559174;1,448854089;1,281057477
4,84285864;5,030012131;6,916752815;0,505483806
4,85971411;6,51445961;18,59283066;-5,384150028
4,87657041;20,86002922;39,7184639;-13,17458248
4,89342671;10,0767746;21,31496429;-8,211568832
4,91028223;4,793122768;12,37298679;-3,559622765
4,9271377;5,429912567;10,28046322;-0,413958311
4,943994;10,43599701;9,033205032;5,274379253
4,9608503;9,107381821;3,929014683;4,901099205
4,97770582;7,409973621;2,056930065;4,953741074
4,99456129;6,119344711;1,092024446;4,551447868
5,0114176;6,334998131;3,53868556;1,848455548
5,0282739;6,559923172;6,267998695;-6,44237566
5,04512942;5,650351524;7,067800045;-10,56490993
5,06198489;4,072584152;7,048657417;-8,364709854
5,07884119;2,126022816;6,844968319;-3,772883177
5,09569749;0,625124931;5,853741646;-1,49132669
5,11255301;1,304985642;6,512365818;-0,75134629
5,12940848;1,896311998;7,168298244;-1,467398524
5,14626478;1,41984117;6,567400932;-3,463909864
5,16312109;1,850848317;5,178666592;-4,572384834
5,17997661;3,390330553;4,695017338;-4,867001057
5,19683208;5,358128071;4,395914078;-5,146961689
5,21368838;8,003692627;4,745266438;-5,242674351
5,23054468;13,82842159;6,155536175;-5,711966991
5,2474002;19,93340874;6,466603279;-6,509375095
5,26425567;17,84327888;3,608077526;-8,417351723
5,28111197;12,08794212;3,105285645;-9,803693771
5,29796827;6,382854462;3,593720436;-5,989833355
5,31482379;4,613661289;8,494520187;-3,049652576
5,33167926;6,741777897;14,42961788;-2,764906645
5,34853556;6,363711834;17,66621017;-3,124129057
5,36539187;3,399901867;12,60269737;-1,780858278
5,38224739;2,145165443;4,003192425;-0,299102843
5,39910286;1,398305774;2,011466503;-0,107377917
5,41595916;2,849253654;6,014359951;-2,420041084
5,43281546;4,960620403;11,80080318;-2,159223318
5,44967098;5,542375565;17,09402657;-0,442672193
5,46652645;5,480162144;18,33201218;-0,471386075
5,48338275;4,177868366;13,93400478;-3,332304716
5,50023905;4,326223373;9,08823967;-3,444767237
5,51709458;4,58255434;5,67427969;-4,038486481
5,53395004;5,693422318;6,102894306;-5,096712112
5,55080635;4,113262177;7,084549427;-6,832406044
5,56766265;2,054238319;9,018847466;-7,869096279
5,58451817;0,498006225;10,17039394;-8,764610291
5,60137369;0,622732103;8,662017822;-10,83529949
5,61822994;2,822932482;6,409175396;-11,63031483
5,63508624;4,874478817;5,693422318;-8,046165466
5,65194176;7,486543655;5,707779408;5,44696188
5,66879728;5,116453171;3,53868556;8,748458862
5,68565353;2,798705101;5,377569675;1,73360002
5,70250984;3,339782238;8,116155624;-3,509373426
5,71936536;4,821836948;9,519247055;-4,507778645
5,73622088;5,822634697;9,337391853;-3,971487284
5,75307713;5,307878971;8,370093346;-2,709871531
5,76993348;4,549055099;8,058727264;-2,233400822
5,786789;3,935894251;8,377271652;-3,693919897
5,80364447;3,270390272;6,74925518;-5,032105923
5,82050077;2,442174673;5,935396671;-5,008177757
5,83735708;1,103689432;4,948955536;-4,043272018
5,8542126;1,135095239;5,693422318;-2,20468688
5,87106806;1,81495595;8,001299858;-2,82233429
5,88792437;2,178664923;9,174381256;-4,203890324
5,90478067;2,360818624;8,654839516;-4,831109047
5,92163619;1,968096614;7,335795879;-3,854238987
5,93849166;2,147558212;6,000002861;-2,743371248
5,95534796;3,179463148;5,834599018;-2,516052961
5,97220426;3,979264021;6,01675272;-2,391327143
5,98905978;4,778766155;5,73888588;-1,567897081
6,00591525;4,884049892;5,712564945;-1,246959686
6,02277155;4,534698009;5,762814045;-1,450648785
6,03962786;3,722932816;7,515257835;-0,935892761
6,05648338;3,392723322;12,06401348;0,498305321
6,07333885;4,158725739;15,75105381;-0,945464075
6,09019515;7,156035423;18,6861496;-7,158128738
6,10705145;11,21157074;20,52264214;-11,26630592
6,12390697;6,552744865;14,73589897;-6,451947212
6,14076244;5,197809219;9,62931633;-2,712264538
6,15761874;5,202594757;7,852944851;-0,947856844
6,17447504;5,853741646;6,694220543;0,093619183
6,19133056;6,428318024;5,322235584;1,635494232
6,20818603;6,289534092;3,687339783;-1,766501307
6,22504234;6,315855503;4,417449474;-0,739382207
6,24189864;5,329414368;6,253642082;-1,091426253
6,25875416;3,629612923;7,647161961;-2,113759756
6,27560968;3,373281717;8,056334496;-3,23180604
6,29246593;2,73649168;8,482556343;-3,411267757
6,30932223;2,176272154;7,807481289;-2,843869686
6,32617775;1,841277003;6,648756981;-2,111366987
6,34303327;2,57617259;6,481259346;-2,508874655
6,35988952;2,43021059;6,363711834;-2,863012314
6,37674588;3,165106058;5,832206249;-1,227817178
6,39360135;3,751646757;4,587339878;-2,075474501
6,41045687;3,818645954;4,048655987;-3,069094181
6,42731312;5,346164227;5,042275429;-3,585943937
6,44416947;8,429914474;6,97178793;-4,814359188
6,46102494;11,36501026;8,836993217;-7,263412952
6,47788046;13,96720505;6,847361088;-8,302495956
6,49473671;14,03420353;3,704089403;-8,544171333
6,51159306;11,33390331;1,939382792;-7,627421379
6,52844859;7,120142937;2,162214279;-4,086342812
6,54530405;6,040381432;4,079762459;-1,733001828
6,56216036;7,134500027;8,181060791;-0,39960137
6,57901666;7,194320202;16,2012043;-2,068295956
6,59587218;8,319544792;18,20967865;1,096810102
6,61272765;4,594518661;12,20309639;1,544566989
6,62958395;2,027917147;8,961420059;1,6713866
6,64644025;2,921038151;10,40249729;0,833300471
6,66329577;3,179463148;12,50698471;0,107976124
6,68015124;2,137987137;13,6226387;-1,989332914
6,69700754;2,3201406;12,05922794;-5,709573746
6,71386385;3,50757885;9,210273743;-6,731907368
6,73071937;5,025226593;8,161917686;-10,22483063
6,74757484;4,441078663;7,364510059;-9,267401695
6,76443114;2,921038151;7,512865067;-11,26630592
6,78128744;1,391127229;8,41077137;-10,12433147
6,79814296;1,091725349;9,464211464;-7,869096279
6,81499848;1,59691;8,595019341;-5,901299
6,83185473;4,685445786;6,20817852;-1,39561379
6,84871109;6,19382143;4,450949192;5,032704353
6,86556655;4,716552734;4,745266438;3,75673151
6,88242208;3,797110319;6,634399891;-1,53918314
6,89927838;3,761218071;8,21216774;-3,59790802
6,91613468;3,675076485;8,499305725;-2,896511793
6,9329902;4,14197588;8,48973465;-2,259721994
6,94984567;4,335794449;8,765208244;-2,39611268
6,96670197;3,964907169;9,727422714;-3,748954773
6,98355827;3,373281717;9,559925079;-5,513362408
7,00041379;2,906681299;7,898408413;-6,437590122
7,01726926;2,19780755;5,478068352;-6,643373013
7,03412557;1,831705689;3,246761322;-4,783252239
7,05098187;2,619243383;2,25553441;-1,929213285
7,06783739;2,490031004;4,17069006;-3,284448147
7,08469286;1,714457393;5,899205208;-5,592325687
7,10154916;1,642373681;5,63838768;-5,834000587
7,11840551;2,037488461;4,10608387;-4,237389565
7,13526098;3,462115288;3,246761322;-3,145664454
7,1521165;4,771587372;4,249952316;-2,264507532
7,16897275;6,794719219;4,415056705;-0,528813779
7,18582911;7,218248844;5,870491028;1,8628124
7,20268463;5,825027466;12,22223854;1,697707653
7,2195401;9,729815483;25,70100975;-4,632205486
7,2363964;20,61805534;35,14338684;-8,670990944
7,2532527;8,815158844;16,44527245;-3,133700371
7,27010822;5,808278084;10,44586754;-1,290030479
7,28696374;8,513663292;8,947062492;-0,004486543
7,30381999;10,20149994;7,419544697;3,366402388
7,32067629;8,609375954;3,464508057;2,734398127
7,33753187;7,809575081;3,174976587;3,385545015
7,35438734;6,461817741;3,399901867;3,768695593
7,37124359;5,496912003;4,211368084;2,827718258
7,38809994;5,532804012;6,203392506;-0,823430121
7,40495546;5,202594757;8,269595146;-7,103094101
7,42181093;2,702992201;7,079763889;-10,65344429
7,43866723;1,8628124;6,253642082;-8,134998322
7,45552353;0,557826757;6,05264473;-5,867500305
7,47237905;-0,565005243;6,579364777;-4,203890324
7,48923452;0,857228696;6,885646343;-3,207877874
7,50609082;2,956930637;7,12762022;-1,941177368
7,52294718;3,940979004;7,230511665;-1,347458243
7,53980265;3,801896095;6,222535133;-2,671586514
7,55665817;4,642374992;4,766801834;-3,370589733
7,57351442;6,361319065;3,261118174;-4,711168766
7,59037077;9,286844254;2,277069807;-6,116652966
7,60722629;12,442379;2,921038151;-7,715955734
7,62408176;12,85872936;5,111667156;-7,466803074
7,64093806;11,24297619;6,682256222;-5,432006359
7,65779437;9,301200867;7,618448257;-4,304389
7,67464989;7,532007694;6,974180698;-4,02652216
7,69150541;7,474579811;6,768397808;-4,893322468
7,70836166;8,729017258;8,889635086;-5,826822281
7,72521801;9,468698502;9,289535522;-5,096712112
7,74207353;7,984549999;6,811468601;-3,07148695
7,758929;3,155534744;8,365307808;-2,020439625
7,7757853;1,381555915;9,488140106;-1,704287887
7,79264161;0,984048307;11,70269775;-0,859322429
7,80949713;2,705385208;13,56760311;-0,140877441
7,82635265;3,833002806;13,6537447;-0,198305175
7,84320895;5,394020557;10,6540432;-0,191126704
7,86006525;6,825825691;8,743673325;-4,708775997
7,87692077;8,211868286;7,340581894;-5,175675392
7,89377624;5,525625706;6,265605927;-5,05124855
7,91063254;4,302295208;7,594220638;-4,843072891
7,9274889;3,404687405;8,200202942;-5,475077152
7,94434442;2,705385208;8,46819973;-6,475875378
7,96119989;3,758825302;8,892027855;-9,518648148
7,97805619;4,488935471;8,264809608;-10,67019463
7,99491249;5,439484119;7,836194992;-9,379864693
8,01176801;5,446662426;7,512865067;-6,152545452
8,02862353;5,429912567;5,76760006;6,952645302
8,04547978;4,14197588;3,040679455;10,49372387
8,06233614;3,050250769;4,537090778;0,809372246
8,07919166;3,579363585;7,110870838;-3,559622765
8,09604713;3,866502285;8,108976364;-2,106581211
8,11290343;4,003192425;8,650053978;-1,697109461
8,12975978;3,356531858;8,437092781;-1,833500385
8,1466153;2,38474679;8,46819973;-2,161616087
8,16347077;2,049452543;8,939884186;-3,447160006
8,18032708;1,783849239;8,38923645;-5,046463013
8,19718338;1,24516511;6,754041195;-5,156532764
8,21403895;0,885942578;4,814957142;-3,964308977
8,23089442;0,991226792;4,812564373;-2,484647274
8,24775072;1,869990945;6,978966236;-1,907677889
8,26460702;2,018345833;9,289535522;-3,509373426
8,28146254;1,905883193;9,923933029;-5,656931877
8,29831807;2,07098794;8,257631302;-5,759823322
8,31517437;1,91066885;5,933003902;-3,842274904
8,33203067;3,454936743;4,824528694;-1,527219057
8,34888619;4,843372345;5,305486202;-1,723430514
8,36574171;6,744170666;5,286343575;-0,176769778
8,38259801;7,500900745;4,479662895;0,105583303
8,39945432;6,648457527;4,663910389;0,634696186
8,41630984;5,559125423;6,904788971;0,139082819
8,43316536;3,181855917;13,22542953;-0,847358346
8,45002161;5,506483078;20,80260277;-5,075176716
8,46687796;11,6401844;25,0235405;-7,933702469
8,48373348;7,833503246;18,54975891;-7,837989807
8,500589;5,528018475;12,29641628;-3,722633839
8,51744525;6,404389858;9,782457352;-1,359422326
8,53430161;7,326224804;8,551948547;0,440877587
8,55115713;8,329116821;7,096513748;3,969692707
8,56801265;6,904788971;3,600898981;2,013859272
8,58486895;7,127321243;4,269094467;2,988037348
8,60172525;7,383652687;5,305486202;1,376770377
8,61858077;6,531209469;6,100501537;-2,827120066
8,63543629;5,152345181;6,038288116;-6,087938786
8,6522926;3,988835335;6,935895443;-7,079165936
8,6691489;2,647957325;7,644769192;-6,174080849
8,68600442;0,909870803;6,95743084;-4,186841488
8,70285994;0,230010077;6,055037498;-1,579861164
8,71971624;1,791027784;6,01675272;-1,098604679
8,73657254;2,813062191;5,011168957;-2,982653379
8,75342812;3,450151205;3,576970816;-4,330709934
8,77028359;4,716552734;2,854039192;-4,639383793
8,78713989;6,131309032;2,535494804;-5,237888813
8,80399624;8,420043945;4,501198292;-6,341578007
8,82085176;11,5899353;6,835396767;-6,657730103
8,83770723;14,95125294;7,266404152;-5,398507118
8,85456353;11,13021469;5,683851242;-5,235496044
8,87141989;7,601399422;4,836492538;-5,410470963
8,88827541;5,808278084;4,826921463;-4,510171413
8,90513093;6,998108864;6,959823608;-4,400101662
8,92198723;7,065107822;9,933504105;-3,495016575
8,93884353;8,463413239;12,75374508;-2,836691141
8,95569905;10,2469635;12,18395424;-3,475873947
8,97255458;5,410770416;8,382058144;-2,14008069
8,98941088;3,315854073;8,956634521;-1,838286042
9,00626718;2,612065077;12,83510113;0,763908625
9,02312275;1,963310957;14,7837553;0,644267499
9,03997822;1,060618639;12,16241837;-0,366101861
9,05683452;2,317747831;8,108976364;-3,200699329
9,07369088;5,185844898;7,714160919;-4,007379532
9,0905464;6,861718178;7,606483936;-4,816751957
9,10740192;5,832206249;7,340581894;-6,803691864
9,12425822;3,593720436;7,331010342;-9,137890816
9,14111452;0,469292343;8,602197647;-8,984749794
9,1579701;-0,739681304;10,00050354;-8,510671616
9,17482556;0,526720107;9,576674461;-8,312067986
9,19168187;3,19382;6,950252533;-6,971189499
9,20853822;7,563114166;5,075775146;0,759122968
9,22539374;6,669992924;4,161118507;6,632007122
9,24224926;4,558626175;4,520340919;2,516352177
9,25910557;4,185046673;6,102894306;-2,085045815
9,27596192;4,199403763;7,963014603;-2,78883481
9,29281744;4,130012035;9,076275826;-2,798406124
9,30967291;3,708575964;9,490532875;-2,721835852
9,32652926;3,131606579;9,449854851;-3,399303675
9,34338557;3,208176851;9,433105469;-4,711168766
9,36024109;3,665505171;9,883255005;-4,577170849
9,37709661;3,610470295;9,940682411;-3,837489367
9,39395291;3,291925669;8,973383904;-3,24616313
9,41080926;2,892324448;7,371688366;-3,861417532
9,42766478;2,252842426;5,085346222;-4,146163464
9,4445203;2,10209465;3,311367512;-2,171187401
9,46137661;2,478066921;4,410271168;-0,624526739
9,47823296;1,929811478;8,293522835;-3,557229996
9,49508848;1,37198472;10,48893833;-6,253043652
9,511944;1,716850281;9,538389206;-6,154938221
9,5288003;2,695813894;8,319844246;-4,158127785
9,54565661;3,727718592;8,238488197;-2,925225735
9,56251218;5,317450047;7,649554729;-1,582253933
9,57936765;6,19382143;6,007181168;-0,962213814
9,596224;5,417948723;4,383950233;-0,806381226
9,6130803;4,443471432;2,830111027;-0,636490822
9,62993588;3,935894251;2,595614433;-0,107377917
9,64679135;3,318246841;6,945466995;0,476769924
9,6636477;3,071786165;14,92762375;-0,018843478
9,680504;6,344569206;21,38914299;-6,640980244
9,69735958;13,21077347;27,11576462;-10,04058266
9,71421504;7,194320202;16,84277916;-6,126224041
9,7310714;4,998905659;10,15125084;-1,5224334
9,7479277;6,344569206;8,317451477;-0,404387027
9,76478327;7,500900745;7,280761242;1,640279889
9,78163874;6,521637917;4,79073;2,473281384
9,7984951;6,533602238;4,070191383;0,505483806
9,81535145;6,311069489;5,396712303;1,022632599
9,83220697;4,936692238;5,808278084;-0,119342029
9,84906249;3,99601388;5,765207291;-2,683550596
9,86591879;3,591327667;6,267998695;-5,436792374
9,88277515;3,500400543;7,024429798;-7,012166977
9,89963067;2,980858803;7,55593586;-6,758228302
9,91648619;1,788634896;6,76361227;-4,98903513
9,93334249;0,72323066;6,172286034;-2,575873613
9,95019885;1,151844978;6,967002392;-1,022034407
9,96705437;2,284248352;6,754041195;-1,876571178
9,98390989;2,892324448;5,528317451;-2,803191662
10,00076619;4,15633297;4,350450516;-3,241377354
10,01762254;5,563910961;3,055036306;-4,048057556
10,03447812;7,651648521;3,232404232;-5,329114914
10,05133364;10,64656544;4,994419098;-6,296114445
10,06818994;13,24666595;7,079763889;-6,923333168
10,08504629;13,84756374;6,713363171;-6,581159592
10,10190182;11,79601765;5,099703312;-6,499803543
10,11875734;9,286844254;3,215654612;-6,099903107
10,13561364;6,571887493;2,624328136;-4,747061253
10,15246999;5,743671417;4,561018944;-3,227020502
10,16932556;6,931109905;9,10977459;-2,568695068
10,18618103;6,246463299;14,88664722;-1,890928149
10,20303739;5,949454308;14,73829174;-0,710668325
10,21989374;6,277570248;9,89282608;-2,097009897
10,23674926;4,86730051;4,759623528;-2,391327143
10,25360478;4,71176672;4,690231323;-4,060021877
10,27046109;4,96779871;7,591827869;-3,413660526
10,28731744;5,379663467;11,8773737;-2,006082773
10,30417301;4,946263313;14,664114;0,32362926
10,32102853;4,098905087;14,24267864;0,357128769
10,33788484;4,252045631;11,57348537;-2,791227579
10,35474119;5,37487793;9,016454697;-3,995415688
10,37159671;5,655137062;7,874480247;-4,672883511
10,38845223;5,726922035;7,493722439;-6,044867992
10,40530859;4,316651821;7,821837902;-7,44048214
10,42216494;2,4158535;9,128917694;-8,115556717
10,43902046;0,20129621;10,76650524;-8,984749794
10,45587598;0,055334024;9,449854851;-11,58485126
10,47273234;2,762812853;6,81386137;-11,47448158
10,48958869;6,263213158;4,838885784;-5,805286884
10,50644421;9,210273743;3,069393158;8,176275253
10,52329973;4,649553299;3,342474222;9,131310463
10,54015603;2,578565598;6,682256222;0,433699101
10,55701239;3,002394199;8,504091263;-2,810370207
10,57386796;4,0127635;8,822636604;-2,944368362
10,59072348;4,505984306;8,664410591;-2,903690338
10,60757978;3,627219915;8,382058144;-3,066402197
10,62443614;2,339283228;8,164310455;-3,356232882
10,64129171;1,802991867;8,370093346;-4,186841488
10,65814723;1,482054472;8,193024635;-4,869394302
10,67500353;1,135095239;6,737291336;-4,352245331
10,69185989;1,036690354;4,917848587;-3,947559118
10,70871546;1,755135417;4,656732082;-3,250948668
10,72557098;3,074178934;6,923931599;-3,143271685
10,74242728;1,73360002;10,63490009;-5,192425251
10,75928364;1,482054472;10,52722359;-7,196413994
10,77613921;2,406282187;7,225726128;-4,56042099
10,79299473;4,58255434;7,433901787;-2,470290184
10,80985103;6,571887493;8,554341316;-2,104188442
10,82670744;7,613363266;6,95743084;-0,323031068
10,84356296;7,431509018;4,905884743;0,48394838
10,86041848;6,260820389;3,016751051;-0,057128642
10,87727484;4,651946545;3,423830032;0,69212395
10,89413119;2,992822886;7,321439266;-0,2222334
10,91098671;3,897608995;15,4540453;-1,936391711
10,92784223;10,7114706;26,11257362;-9,104391098
10,94469859;10,67288589;25,82782936;-11,74756241
10,96155494;4,175475597;14,3506546;-4,280460835
10,97841051;3,943371773;10,08664513;-0,852143943
10,99526603;5,465805054;8,20498848;0,043369912
11,01212234;7,294818878;7,249654293;4,965705395
11,02897869;4,568197727;2,784647465;3,665505171
11,04583426;6,227321148;0,651445985;0,342771858
11,06268978;7,891230106;2,942573547;0,232402906
11,07954614;6,92153883;5,523531914;-5,10149765
11,09640249;5,410770416;6,358926296;-7,608278751
11,11325807;4,26879549;7,204190731;-8,206783295
11,13011359;2,909074068;8,417949677;-6,315257072
11,14696994;1,37198472;8,413164139;-4,967499733
11,16382629;0,557826757;6,897610188;-3,198306561
11,18068182;0,790229678;6,361319065;-1,39561379
11,19753739;3,083750248;6,160321712;-1,275673628
11,21439369;3,196212769;4,544269085;-2,59740901
11,23125004;4,359723091;2,978466034;-3,914059639
11,24810562;5,978168488;2,3201406;-5,834000587
11,26496114;8,884550095;3,007179976;-7,821239948
11,28181749;11,94676495;5,147559643;-8,788538933
11,29867385;13,11266804;7,182655334;-7,589136124
11,31552942;10,61067295;8,441878319;-4,833501816
11,33238494;8,123333931;8,504091263;-3,873381615
11,34924129;5,698207855;6,296712875;-4,000201225
11,36609765;5,044369221;5,44696188;-4,304389
11,38295322;5,394020557;6,313462734;-3,241377354
11,39980874;6,016453266;7,304689407;-2,120938063
11,4166651;8,472985268;10,6612215;-3,827918053
11,43352145;9,794421196;11,11854935;-4,747061253
11,45037702;6,935895443;8,755637169;-3,31076932
11,46723254;4,714159489;8,209774017;-2,386541367
11,484089;4,476971149;9,907182693;-2,877369165
11,50094525;4,10608387;13,21585846;-0,662811875
11,51780082;1,568196177;12,33709431;2,030609131
11,53465635;0,917049289;8,906385422;-2,137687922
11,5515127;3,122035265;8,583054543;-4,414458752
11,56836905;4,287938118;8,451449394;-6,07836771
11,58522463;5,365306377;8,41077137;-7,591528893
11,60208015;4,165904045;7,1563344;-8,017451286
11,6189365;2,791526794;8,748458862;-8,388637543
11,63579286;0,88354975;10,07468033;-8,750253677
11,65264843;1,759921074;9,124132156;-9,473184586
11,66950395;3,749253988;6,591329098;-8,089236259
11,6863603;5,520840168;4,858027935;-2,987439156
11,70321671;7,050751209;4,893920422;6,141179085
11,72007223;3,821038723;5,899205208;5,391926765
11,7369278;2,583351135;7,522436142;-1,345065475
11,75378416;2,801098108;8,415556908;-4,184448719
11,77064051;3,177070379;8,556734085;-3,564408541
11,78749609;4,005585194;8,669196129;-2,669193745
11,80435161;4,714159489;8,370093346;-3,126521826
11,82120796;5,154737949;7,99651432;-3,868596077
11,83806432;5,149952412;7,577471256;-4,285246372
11,85491989;4,488935471;6,358926296;-4,007379532
11,87177546;3,380759239;5,360819817;-3,124129057
11,88863176;2,578565598;5,312664509;-1,821536183
11,90548817;2,183450699;5,54506731;-1,175175071
11,92234374;2,090130568;6,947859764;-2,731407166
11,93919926;2,159522533;9,490532875;-5,42961359
11,95605562;2,049452543;10,5918293;-6,107081413
11,97291197;2,552244425;10,06510925;-3,076272726
11,98976754;3,584149122;9,366106033;-1,270887971
12,00662312;4,85294342;8,829814911;-1,024427176
12,02347942;5,427519798;7,431509018;-1,761715651
12,04033582;4,718945503;5,956932068;-2,688336134
12,0571914;4,113262177;4,829314232;-1,890928149
12,07404692;4,053441525;4,754837513;-0,698704183
12,09090327;3,856930971;4,826921463;0,062512495
12,10775968;3,782753468;6,169893265;-1,100997567
12,1246152;5,628816128;10,16082191;-5,534897804
12,14147077;12,75105286;23,67309189;-11,56810093
12,15832713;8,752944946;22,69143677;-9,164211273
12,17518348;3,57218504;12,39212894;-2,321935177
12,19203905;4,414757729;9,861719131;-1,045962572
12,20889463;5,116453171;8,604590416;-0,085842513
12,22575098;5,571089268;6,90718174;2,906681299
12,24260734;4,66151762;4,211368084;2,169392824
12,25946291;5,966204166;2,566900492;-2,807977438
12,27631848;6,200999737;3,723232031;-2,946761131
12,29317484;5,918347836;6,035895348;-4,62502718
12,31003119;4,522733688;6,612864494;-5,072783947
12,32688676;3,85932374;7,252047062;-5,032105923
12,34374228;3,643969774;7,500900745;-4,98903513
12,36059864;2,592922449;7,007680416;-2,812762976
12,37745504;1,015154958;7,319046497;-1,565504193
12,39431062;0,122333057;6,952645302;-2,288435698
12,41116614;1,668694735;5,695815086;-3,01376009
12,42802249;2,707777977;4,000799656;-3,715455294
12,4448789;4,022335052;2,868396044;-4,53170681
12,46173447;5,698207855;2,312962294;-5,918048382
12,47858999;8,219046593;2,554936409;-7,885846138
12,49544635;11,04885864;4,364807606;-8,644669533
12,51230275;12,43280697;6,25842762;-8,113163948
12,52915833;13,40219975;7,335795879;-5,278566837
12,54601385;11,60668564;7,106084824;-2,829512835
12,56287025;8,867800713;5,363213062;-2,910868645
12,57972661;7,450651646;3,862015724;-4,155734539
12,59658218;7,069893837;4,312165737;-5,032105923
12,61343775;5,604588985;6,124429703;-1,084247708
12,63029411;4,793122768;7,079763889;0,007477571
12,64715046;5,102096081;10,37856865;-0,124127671
12,66400603;9,08823967;17,06291962;-3,961916208
12,68086161;13,49103355;17,12752533;-7,064808846
12,69771796;5,451447964;8,463413239;-4,852644444
12,71457432;0,390329182;6,028716564;-3,629313707
12,73142994;-1,599003673;7,146762848;-1,780858278
12,74828546;-1,041176915;8,78195858;0,20129621
12,76514182;1,707278967;9,459425926;-2,302792788
12,78199822;5,190630436;9,986145973;-5,008177757
12,79885379;7,038786888;10,58704376;-3,255734205
12,81570932;10,10309505;10,82154083;-4,131806374
12,83256572;7,500900745;8,327022552;-3,265305519
12,84942208;4,438685894;7,72612524;-5,376971722
12,86627765;1,913061738;9,279664993;-5,781358719
12,88313322;0,08644072;10,45065308;-6,190830231
12,89998958;0,031405795;10,94836044;-6,858726978
12,91684593;1,625623941;8,626125336;-7,024130821
12,9337015;4,783551693;6,653542519;-1,196710467
12,95055708;4,71176672;5,214558601;3,476472139
12,96741343;3,086143017;5,758028507;0,98913306
12,98426952;2,75084877;6,617650032;-1,503290772
13,00112541;2,988037348;7,000501633;-1,089033365
13,01798093;3,44297266;7,474579811;-1,450648785
13,03483734;3,344567776;7,567899704;-2,408077002
13,05169369;3,529114246;7,77637434;-4,251746655
13,06854926;3,358924866;7,59930563;-6,119045734
13,08540484;2,698206663;6,706184387;-6,150152206
13,10226119;2,442174673;4,532305241;-3,696312666
13,1191176;2,382354021;3,174976587;-0,323031068
13,13597317;3,615255833;3,895515203;-0,17437695
13,15282874;3,363710403;6,122036934;-4,526921272
13,1696851;1,259521961;8,329415321;-7,737491131
13,18654145;0,991226792;7,910372734;-6,832406044
13,20339702;1,544267893;6,52193737;-4,138985157
13,2202526;3,469293833;5,748457432;-2,14008069
13,23710895;5,836991787;5,001597404;-0,526421011
13,25396536;6,256034851;4,395914078;-0,387637258
13,27082093;5,102096081;3,598506212;0,06011967
13,2876765;3,0981071;6,50758028;-0,46420759
13,30453286;5,494519234;16,50030708;-2,985046148
13,32138921;17,62313843;33,37628555;-8,553742409
13,33824484;14,72154236;26,70659256;-10,57687473
13,35510036;6,602993965;13,9052906;-2,309971094
13,37195676;6,641279221;10,11775112;0,017048862
13,38881312;9,463912964;7,998907089;4,192225456
13,40566869;7,584649563;3,66789794;5,533103466
13,42252426;7,172784805;0,488734037;1,84606266
13,43938062;7,96780014;2,490031004;3,335295677
13,45623702;7,445865631;5,557031631;0,936490953
13,4730926;6,433103561;7,201797962;-5,261816978
13,48994817;4,998905659;7,051050186;-8,67816925
13,50680452;3,687040567;6,916752815;-7,648956776
13,52366093;1,982453585;7,364510059;-4,979464054
13,5405165;0,572183728;6,203392506;-2,676372051
13,55737202;1,089332461;6,483652115;-0,641276479
13,57422843;1,144666553;7,108478069;-1,158425212
13,59108478;1,38873446;6,950252533;-3,035295486
13,60794041;2,018345833;6,394818306;-3,760919094
13,62479593;3,433401346;5,62403059;-3,882952929
13,64165228;5,233701229;4,247559071;-3,981058598
13,65850869;7,548757076;2,504388094;-4,400101662
13,67536426;10,25653553;3,043072224;-5,161318302
13,69221984;13,31845093;5,23130846;-6,794120789
13,70907619;13,44527054;6,885646343;-7,402196884
13,7259326;12,39452267;5,822634697;-7,11984396
13,74278817;11,59711361;4,91067028;-7,244270325
13,75964374;8,444271088;4,714159489;-5,788537025
13,7765001;7,268497944;7,067800045;-4,184448719
13,7933565;7,893622875;10,026824;-3,291626692
13,81021208;6,313462734;11,95155048;-2,886940479
13,82706765;4,549055099;11,27886868;-2,446362019
13,843924;3,232105255;6,754041195;-1,100997567
13,86078041;3,524328709;5,659923077;-2,621337175
13,87763598;3,92392993;6,679863453;-3,581158161
13,89449155;4,345366001;7,747660637;-2,587837696
13,91134791;4,754837513;9,962218285;-0,772881687
13,92820432;5,274379253;12,73938751;0,38823548
13,94505989;5,628816128;13,11984634;-0,04755735
13,96191546;4,900799751;11,68116188;-2,965903759
13,97877182;5,382056236;9,26530838;-5,206781864
13,99562822;5,336592674;7,23529768;-4,438386917
14,01248379;4,879264355;7,857730389;-5,405685425
14,02933937;3,897608995;8,860920906;-6,016154289
14,04619572;2,513959408;8,633303642;-6,530910492
14,06305213;2,161915302;9,55753231;-8,400602341
14,0799077;3,011965513;9,789635658;-10,65822983
14,09676327;5,041976452;8,678768158;-12,07089329
14,11361963;6,555137634;7,108478069;-9,003892899
14,13047603;7,278069019;5,056632519;-1,249352574
14,14733161;5,432305813;3,366402388;9,986145973
14,16418718;2,949752092;4,180261135;5,547460079
14,18104353;3,220141172;6,234499454;-2,21904397
14,19789994;3,960121393;7,639983654;-2,729014158
14,21475551;4,084548473;7,927122116;-2,350649118
14,23161109;3,315854073;7,836194992;-2,271686077
14,24846744;2,846860647;8,132905006;-2,568695068
14,26532385;2,518744946;8,267202377;-3,277269602
14,28217942;2,061416626;8,140083313;-4,48145771
14,29903499;1,584945917;6,818647385;-4,788038254
14,31589135;1,541875124;5,564209938;-4,687240601
14,33274775;1,472483277;5,63838768;-4,342673779
14,34960333;1,663909078;6,430710793;-3,272484064
14,3664589;2,011167526;8,200202942;-4,165306091
14,3833153;2,08534503;9,789635658;-5,71435976
14,40017166;2,691028118;9,121739388;-4,244568348
14,41702728;3,677469254;7,582256794;-2,738585472
14,4338828;4,9319067;6,210571289;-1,771286964
14,45073921;6,052345753;3,88594389;-0,598205686
14,46759562;6,993323326;2,799004316;0,253938317
14,48445119;7,122535706;2,370389938;0,390628308
14,50130676;6,155237198;3,332902908;-0,030807592
14,51816312;4,474578381;6,732505798;-1,361815214
14,53501952;3,529114246;15,29611874;-3,660420418
14,5518751;13,41894913;28,89213753;-8,350353241
14,56873067;14,87228966;25,70340157;-10,09801102
14,58558708;6,914360046;13,80000687;-2,516052961
14,60244343;6,02363205;10,31157017;-0,128913313
14,61929905;9,361021042;9,449854851;5,142774105
14,63615458;7,594220638;5,001597404;5,925825119
14,65301098;6,547959328;4,058227062;5,774778366
14,66986739;6,002096653;3,833301783;3,737588882
14,68672296;6,12173748;4,613661289;0,603589535
14,70357853;5,973382473;5,724529266;-4,991427898
14,72043489;5,954239845;4,580161572;-10,06929684
14,73729129;5,114060402;5,454140186;-9,123533249
14,75414692;3,038286448;6,576972008;-5,254638672
14,77100244;1,431805253;5,73888588;-2,941975355
14,78785885;1,529910922;5,279164791;-1,902892232
14,80471525;1,764706731;5,695815086;-1,441077471
14,82157082;2,099701881;5,324628353;-3,573979616
14,8384264;3,215355396;4,450949192;-5,142175674
14,8552828;4,498506546;4,144368649;-4,752145767
14,87213921;6,124130249;4,048655987;-4,46710062
14,88899478;7,802396297;4,66151762;-4,292424679
14,90585036;13,37587833;5,650351524;-4,615455627
14,92270671;18,43699837;6,232106686;-5,913262844
14,93956312;16,79223061;2,854039192;-6,782156467
14,95641869;12,48544979;2,708076954;-8,541778564
14,97327426;7,431509018;4,103690624;-8,043772697
14,99013067;3,737289906;5,667101383;-3,703491211
15,00698708;4,553840637;9,26530838;-1,364207983
15,02384265;5,365306377;12,85185051;-1,450648785
15,04069822;5,204987526;14,19003677;-1,194317579
15,05755463;5,482554913;10,10100174;-1,843071699
15,07441103;6,196214199;5,506782055;-1,951047778
15,09126661;5,748457432;4,565804482;-2,372184515
15,10812218;4,59691143;7,2065835;-2,111366987
15,12497853;4,029513359;10,91246796;-1,364207983
15,14183494;3,675076485;15,85155296;-1,742573142
15,15869056;3,500400543;16,31845284;-0,820738196
15,17554614;3,825824261;12,53091335;-2,321935177
15,19240249;6,07148838;9,900004387;-4,591527462
15,2092589;6,56470871;8,030014038;-6,001797199
15,22611452;5,305486202;7,275975227;-7,21794939
15,2429701;3,191427231;8,563912392;-9,269794464
15,25982645;0,332901448;10,91725349;-7,450053215
15,27668286;-0,313459754;11,04197884;-9,090034485
15,29353848;1,139880896;7,817052364;-9,940084457
15,31039405;5,252843857;5,331807137;-4,680061817
15,32725041;5,906383514;3,687339783;5,511568069
15,34410682;3,502793312;4,343272209;4,831707001
15,36096244;3,019144058;6,169893265;-0,299102843
15,37781801;3,785146236;7,498507977;-1,828714728
15,39467437;4,525126934;7,771588802;-2,226222277
15,41153077;4,67587471;7,718946934;-2,805584431
15,4283864;4,113262177;8,15444088;-3,210270643
15,44524197;3,337389469;8,932705879;-3,923630953
15,46209832;2,470888376;8,729315758;-4,629812717
15,47895473;1,939382792;6,488437653;-5,556433201
15,49581036;2,19780755;3,632005692;-5,403292656
15,51266593;3,19382;2,66739893;-3,677170277
15,52952228;3,399901867;3,744767427;-3,164807081
15,54637874;2,248056889;7,572685242;-5,125426292
15,56323432;2,265105724;10,54875851;-7,560422421
15,58008989;2,506780863;8,523234367;-7,225128174
15,59694624;3,99601388;5,224130154;-2,211865425
15,6138027;5,382056236;4,728516579;-1,093819022
15,63065827;6,406782627;3,505186081;-0,224626228
15,64751385;7,089035988;2,894717216;0,871884763
15,66437025;6,789933205;3,454936743;1,683350682
15,68122666;6,004489422;6,670292377;1,304985642
15,69808223;5,820241928;14,31924915;-2,405683994
15,7149378;15,03739452;30,47468948;-8,204390526
15,73179421;14,38385487;26,19901466;-9,31525898
15,74865062;5,28155756;14,48465252;-2,736192703
15,76550624;3,955335855;9,959825516;-0,803988397
15,78236182;7,010073185;8,626125336;1,616351724
15,79921817;8,554341316;6,632007122;6,033502102
15,81607458;6,638886452;1,628315806;1,731207132
15,8329302;7,778468132;2,799004316;2,300997972
15,84978577;6,974180698;4,96091938;2,296212435
15,86664213;6,571887493;7,201797962;-1,347458243
15,88349859;5,458626747;7,23529768;-6,406184196
15,90035416;4,797908306;7,161119938;-8,094021797
15,91720973;3,895216227;6,931109905;-6,707979202
15,93406614;2,564208508;6,967002392;-5,015356064
15,95092254;1,671087503;6,409175396;-3,693919897
15,96777812;1,62801671;6,706184387;-1,814357758
15,98463374;1,537089467;7,567899704;-1,251745343
16,0014901;2,114058733;7,431509018;-2,69312191
16,0183465;2,858824968;6,468996048;-3,332304716
16,03520213;4,561018944;5,358427048;-3,696312666
16,0520577;6,550352097;4,120440483;-4,404887199
16,06891411;8,583054543;2,80857563;-5,391328335
16,08577051;10,71864891;3,256332397;-6,468697071
16,10262609;11,87258816;5,31027174;-7,043273449
16,11948171;11,69282722;6,519544601;-6,870691299
16,13633807;10,85982513;6,600900173;-6,41336298
16,15319452;9,392127991;5,592923641;-5,949155331
16,1700501;7,474579811;4,108476639;-5,910870075
16,18690567;5,920740604;4,965705395;-4,237389565
16,20376208;7,069893837;9,11695385;-2,824727058
16,22061848;6,741777897;14,20200062;-2,022832394
16,23747416;5,789135456;14,965909;-1,859821439
16,25432968;3,35413909;8,920742035;-0,9693923
16,27118609;2,518744946;5,324628353;-1,170389414
16,28804249;2,980858803;5,822634697;-1,503290772
16,30489806;3,004786968;9,330213547;-1,49132669
16,32175369;3,313461065;13,85743427;-0,677168787
16,33861004;4,237689018;16,27298927;-1,991725802
16,3554665;4,395615101;14,70000648;-3,334697485
16,37232208;4,175475597;10,43629551;-4,366602421
16,38917765;4,094119549;6,624828815;-3,892524242
16,40603405;4,558626175;6,126822472;-4,945964336
16,42289046;2,67188549;6,560222149;-8,259425163
16,43974609;0,984048307;8,164310455;-8,139784813
16,45660166;0,268295229;10,46022415;-8,577671051
16,47345806;0,900299549;10,51286602;-9,267401695
16,49031447;3,471686602;8,173882484;-8,228319168
16,5071701;7,357331276;5,681458473;2,423032045
16,52402567;5,315057278;3,862015724;5,968895912
16,54088208;3,576970816;4,745266438;0,775872767
16,55773848;3,299104214;7,182655334;-2,61415863
16,57459411;3,299104214;8,662017822;-2,676372051
16,59144968;3,588934898;8,848957062;-2,305185556
16,60830609;3,952943087;8,238488197;-2,372184515
16,62516249;4,086941242;7,994121552;-2,566302299
16,64201812;4,285545349;8,355736732;-3,485445261
16,65887369;3,976871252;8,669196129;-5,106283665
16,6757301;2,918645382;7,958229065;-5,515755177
16,6925865;1,415055513;5,350949764;-3,590729475
16,70944213;1,094118118;3,933800459;-1,313958764
16,7262977;2,296212435;5,564209938;-1,373779297
16,74315411;3,145963669;8,087441444;-3,681955814
16,76001051;2,286641121;9,677172661;-6,700800896
16,77686614;1,321735382;8,69551754;-5,903691769
16,79372171;1,297807217;6,452246189;-3,090629578
16,81057812;2,293819666;6,361319065;-2,20468688
16,82743452;4,192225456;6,315855503;-1,835893154
16,84429015;5,999703884;5,439783096;-0,705882669
16,86114577;6,457031727;4,860421181;-0,698704183
16,87800213;5,705386639;4,453341961;-1,840678811
16,89485859;4,500899315;6,00239563;0,479162723
16,91171416;3,643969774;10,8741827;0,479162723
16,92856978;5,463412285;16,5649128;-4,122235298
16,94542619;11,97308636;24,87488747;-9,777072906
16,9622826;9,844670296;21,69093704;-8,975178719
16,97913822;5,755635738;13,74945831;-3,42323184
16,99599379;5,23130846;9,758528709;-0,662811875
17,0128502;6,011667728;7,508079052;2,1287148
17,02970661;5,848955631;5,793920994;4,247559071
17,04656223;5,599802971;2,550150633;-0,071485579
17,0634178;7,237390995;4,84845686;1,743171334
17,08027421;6,624529362;6,210571289;-0,198305175
17,09713067;5,982954025;5,887240887;-4,414458752
17,11398629;5,334199905;5,906383514;-7,854739666
17,13084187;4,639982224;7,158727169;-8,182855606
17,14769827;3,165106058;7,560721397;-6,140581131
17,16455468;2,015953064;6,488437653;-2,542374134
17,1814103;1,848455548;7,240083218;0,172582328
17,19826588;1,939382792;7,307082176;-1,182353497
17,21512228;2,238485575;6,234499454;-3,787240028
17,23197874;3,148356438;4,72612381;-4,718347073
17,24883437;4,120440483;3,261118174;-5,082355499
17,26568994;5,21695137;2,595614433;-5,997011662
17,28254635;6,614958286;2,564507723;-7,23230648
17,29940275;9,176774025;4,07736969;-7,928916931
17,31625838;11,29083252;6,401997089;-7,47398138
17,33311395;12,32004547;7,812266827;-5,082355499
17,34997036;9,789635658;6,794719219;-4,29003191
17,36682682;8,0754776;5,097310543;-4,821537495
17,38368244;7,766504288;4,656732082;-5,254638672
17,40053801;8,058727264;6,473781586;-5,475077152
17,41739442;8,312366486;9,727422714;-5,070391178
17,43425082;7,663612843;10,76411247;-4,376173496
17,45110645;5,755635738;6,366104603;-2,319542408
17,46796208;5,207380295;4,714159489;-4,21106863
17,48481848;1,214058399;6,284748554;-5,939583778
17,50167489;1,348056436;7,570292473;-3,025724173
17,51853051;1,936989903;10,84786129;-1,134497046
17,53538609;4,161118507;14,36261845;0,026620151
17,55224249;6,595815659;14,6832571;0,239581361
17,56909895;8,511270523;12,61466217;-1,22542429
17,58595458;8,77448082;9,701101303;-4,067200184
17,60281015;5,341378212;7,264011383;-3,937987804
17,61966655;2,942573547;7,070192814;-2,829512835
17,63652301;2,152343988;8,614161491;-3,030509949
17,65337859;1,913061738;9,267701149;-3,825525284
17,67023421;2,777169704;9,325428009;-7,131807804
17,68709062;3,138785124;8,480163574;-10,33968544
17,70394702;3,581756353;8,020442009;-10,9624176
17,72080265;5,034798145;8,322237015;-10,41894817
17,73765827;5,662315845;8,228917122;-7,72552681
17,75451468;6,447460651;6,502794743;-0,38285163
17,77137109;4,869693279;3,579363585;9,330213547
17,78822671;1,745564103;3,809373617;5,032704353
17,80508234;1,716850281;6,320641041;-2,516052961
17,82193874;2,803490877;8,065905571;-5,546862125
17,83879515;3,734897137;8,291130066;-5,190032482
17,85565077;4,230510235;7,829016685;-3,909274101
17,8725064;4,443471432;7,144370079;-2,970689297
17,8893628;4,345366001;7,484150887;-2,827120066
17,90621921;4,335794449;8,523234367;-3,760919094
17,92307484;3,495614767;7,963014603;-4,677669048
17,93993041;2,159522533;5,511568069;-2,910868645
17,95678687;2,344068766;4,079762459;-1,278066397
17,97364327;2,662314177;4,510769844;-2,606980324
17,9904989;1,774278045;7,187440872;-6,499803543
18,00735447;1,455733418;8,700303078;-8,012665749
18,02421093;1,072582722;6,346961975;-6,176473618
18,04106734;1,786242127;4,381557465;-4,165306091
18,05792296;3,277568817;3,297010422;-3,200699329
18,07477853;4,189832687;3,191726208;-2,599801779
18,09163499;5,913562298;3,399901867;0,005084748
18,1084914;5,882455349;3,335295677;0,440877587
18,12534702;4,287938118;5,619245052;1,779063582
18,14220265;6,617351055;13,87896919;-2,604587555
18,15905905;20,31416702;33,37150192;-10,09801102
18,17591546;14,28574944;25,90439796;-8,714361191
18,19277109;5,319842815;13,61306667;-2,326720953
18,20962671;5,114060402;9,622138023;-0,550349236
18,22648312;6,390032768;8,101798058;-0,279960245
18,24333952;7,666005611;6,852146626;3,100499868
18,26019515;6,646064758;3,98165679;3,404687405
18,27705077;8,108976364;2,921038151;-4,483850479
18,29390718;6,614958286;5,781956673;-2,061117649
18,31076364;5,408377171;6,868896484;-2,400898457
18,32761921;4,541876316;7,275975227;-2,903690338
18,34447484;3,600898981;6,823432922;-3,760919094
18,36133124;3,059821844;6,677470684;-4,931607246
18,3781877;1,874776483;6,157928944;-4,811966419
18,39504332;0,763908625;5,89441967;-3,040081263
18,4118989;0,490827739;6,20817852;-2,104188442
18,4287553;1,886740685;6,234499454;-2,441576481
18,44561176;2,628814697;5,585745335;-3,617050648
18,46246739;3,431008577;4,656732082;-4,4958148
18,47932296;4,455435753;3,806980848;-5,008177757
18,49617942;6,014060497;3,011965513;-5,740680695
18,51303582;8,568697929;3,136691332;-6,116652966
18,52989145;11,96830082;5,501996517;-6,578766823
18,54674708;15,55932903;6,978966236;-5,597111225
18,56360348;16,7539463;6,059823513;-3,753740549
18,58045994;11,18285656;4,939383984;-4,512564182
18,59731551;7,433901787;5,008776188;-5,367400169
18,61417114;5,415555954;6,301498413;-4,558028221
18,63102754;6,516852379;9,643673897;-4,61067009
18,647884;7,261319637;12,55484104;-4,898108006
18,66473963;5,681458473;11,44875908;-3,727419376
18,6815952;3,313461065;7,067800045;-2,156830549
18,69845166;2,265105724;5,243272781;-1,692323804
18,71530806;2,68624258;6,459424496;-2,88454771
18,73216369;3,378067255;7,510472298;-2,53280282
18,74901932;3,895216227;9,349356651;-2,295614243
18,76587572;4,055834293;10,08664513;-1,508076429
18,78273218;6,44985342;9,598209381;-2,453540564
18,7995878;10,29242706;10,3091774;-4,220640182
18,81644338;11,582757;9,229415894;-4,660919189
18,83329978;6,806683064;8,673981667;-3,109772205
18,85015624;3,502793312;9,128917694;-2,812762976
18,86701187;1,79820621;10,35703373;-3,109772205
18,88386749;1,151844978;10,70189953;-2,886940479
18,9007239;1,716850281;9,643673897;-7,093522549
18,9175803;2,568994284;7,287939548;-10,2272234
18,93443593;3,98165679;5,391926765;-11,38355446
18,95129155;5,319842815;5,63838768;-8,762217522
18,96814796;5,583053589;6,102894306;-3,188735247
18,98500442;7,041179657;6,100501537;8,554341316
19,00186004;3,526721478;5,557031631;7,900801182
19,01871567;2,092523336;6,885646343;-0,65563339
19,03557208;2,401496649;8,688339233;-5,103890896
19,05242848;3,0981071;9,947860718;-4,831109047
19,06928411;3,708575964;9,693922997;-3,875774384
19,08613973;3,452543974;8,690732002;-3,265305519
19,10299614;3,016751051;7,61366272;-2,403291225
19,1198526;3,153141975;7,292725086;-3,131307602
19,13670822;3,023929596;7,216155052;-4,004986763
19,15356385;2,772384167;7,232904434;-5,149354458
19,17042025;2,635993242;4,877170563;-3,602693558
19,18727671;2,990430117;4,625625134;-2,137687922
19,20413234;3,169891834;6,533901215;-2,760120869
19,22098791;2,714956284;9,131310463;-4,883750916
19,23784437;2,39910388;9,701101303;-5,980261803
19,25470077;1,925025821;7,716553688;-5,319543839
19,2715564;2,595315218;6,361319065;-3,425624609
19,28841202;3,50757885;5,748457432;-2,41046977
19,30526843;5,022833824;5,348556995;-1,625324726
19,32212489;5,47298336;4,393521309;-0,390030086
19,33898051;6,13609457;3,622434378;0,670588553
19,35583609;5,762814045;2,868396044;-0,097806625
19,37269254;4,280759811;4,903491974;-0,06669993
19,38954895;4,264009953;11,50379372;-1,931606054
19,40640458;10,44078255;23,30190468;-7,646564007
19,4232602;14,08953762;27,77408981;-11,81695461
19,44011661;6,24407053;16,65135384;-5,810072422
19,45697306;4,752444744;11,10179996;-1,084247708
19,47382869;5,370092392;8,279166222;-0,148055896
19,49068432;7,086643219;7,680661678;3,153441191
19,50754072;6,818647385;4,577768803;4,951348305
19,52439718;6,488138676;1,592423439;-2,266900301
19,5412528;8,46819973;4,738088131;0,663410068
19,55810838;6,897610188;7,00528717;-1,886142492
19,57496484;5,458626747;7,642376423;-5,769394398
19,59182124;4,469792843;7,146762848;-7,289734364
19,60867687;4,09172678;6,983751774;-5,977869034
19,62553249;3,208176851;6,696613312;-4,814359188
19,6423889;2,360818624;5,600102425;-3,191128016
19,65924536;1,604088426;6,569793701;-0,473778874
19,67610098;1,19730866;7,508079052;-2,085045815
19,69295661;2,674278498;7,297510624;-5,178068161
19,70981301;3,703790426;5,887240887;-5,341079235
19,72666947;4,335794449;4,32652235;-4,97467804
19,7435251;5,647958755;3,332902908;-5,723930836
19,76038072;7,515257835;2,940180779;-6,830013275
19,77723713;9,691530228;3,239582777;-7,766204834
19,79409359;11,7526474;4,134797573;-7,476374149
19,81094921;11,51336479;5,350949764;-5,403292656
19,82780484;8,317152023;6,196214199;-4,491028786
19,84466124;5,954239845;6,565008163;-4,53170681
19,8615177;4,443471432;6,227321148;-4,098307133
19,87837333;4,228117466;5,585745335;-3,607479334
19,89522895;4,951049328;6,189035892;-3,286840916
19,91208536;9,34427166;11,51097202;-6,526124477
19,92894182;13,0887394;11,89651585;-7,15573597
19,94579744;6,279963017;7,390830994;-3,40648222
19,96265301;2,413460732;6,653542519;-1,840678811
19,97950947;2,171486616;7,931908131;-0,449850649
19,99636593;2,822932482;10,64925671;0,297009111
20,01322155;4,986941338;14,75982761;0,007477571
20,03007713;4,979763031;14,4128685;0,258723944
20,04693359;5,204987526;11,20229816;-2,508874655
20,06378999;3,811467409;8,159226418;-3,571586847
20,08064562;4,383651257;7,328617573;-4,098307133
20,09750124;4,484149456;7,77637434;-6,480660915
20,1143577;4,228117466;7,654340744;-9,00150013
20,13121411;2,557030201;7,290332317;-9,370293617
20,14806973;0,651445985;8,729315758;-10,91426182
20,16492536;0,639481843;9,490532875;-11,4385891
20,18178182;2,597707987;7,941479206;-11,67099285
20,19863822;6,016453266;6,43549633;-8,055736542
20,21549385;9,253344536;5,379962444;-0,057128642
20,23234947;8,207082748;3,785445452;12,05204964
20,24920593;2,274677038;5,700600624;4,639982224
20,26606234;1,97527504;8,549555779;-3,23180604
20,28291796;2,863610506;9,610174179;-4,491028786
20,29977359;3,885644913;8,985347748;-4,134199142
20,31663004;4,007977962;7,630412102;-2,642872572
20,33348645;3,61764884;6,643970966;-2,010868311
20,35034208;3,950550079;7,185048103;-2,400898457
20,3671977;3,864109516;7,764410496;-3,765704632
20,38405416;3,136392355;7,060621262;-5,06560564
20,40091057;2,659921408;5,298307419;-5,312365532
20,41776624;2,513959408;3,83569479;-4,325924397
20,43462182;2,44935298;3,615255833;-2,46071887
20,45147827;2,506780863;5,93778944;-1,354636669
20,46833473;2,566601276;9,390034676;-3,425624609
20,48519036;1,659123421;10,62054348;-6,322435856
20,50204593;0,661017239;8,422736168;-5,424828053
20,51890239;1,429412484;6,373282909;-2,561516523
20,53575885;1,992024899;6,026323795;-1,9797616
20,55261447;3,658326626;5,916254044;-1,227817178
20,5694701;5,614160061;5,338985443;0,672981381
20,5863265;6,804290295;5,63838768;0,977168918
20,60318296;6,507281303;5,746064663;-1,01724875
20,62003859;4,742873669;8,322237015;-1,258923769
20,63689421;3,766003847;13,6728878;-0,789631486
20,65375062;6,171987057;18,38944054;-3,076272726
20,67060708;9,598209381;20,7691021;-6,229115486
20,6874627;8,187939644;17,25942993;-7,699205875
20,70431832;6,212964058;11,73141098;-3,447160006
20,72117473;6,581458569;9,191130638;-0,727418065
20,73803119;7,677969456;7,86969471;0,098404832
20,75488682;9,260522842;6,205785751;-0,026021946
20,77174244;8,070692062;5,056632519;2,293819666
20,7885989;6,811468601;6,124429703;2,155035973
20,80545536;6,061916828;7,72612524;0,572482824
20,82231098;4,864907742;7,998907089;-1,890928149
20,83916655;3,553042412;7,59930563;-4,143770695
20,85602301;2,248056889;7,106084824;-5,022534847
20,87287947;2,240878344;7,472187042;-4,325924397
20,8897351;2,286641121;7,328617573;-3,691527128
20,90659072;1,81495595;6,241677761;-3,329911709
20,92344713;1,651944876;6,306283951;-2,714657307
20,94030359;1,826920033;6,866503716;-2,800798893
20,95715921;1,81495595;6,646364212;-3,183949709
20,97401484;2,269891262;5,731707573;-3,648456335
20,99087129;3,679862022;4,908277512;-4,134199142
21,00772775;6,354140759;3,967299938;-4,397708893
21,02458338;8,456234932;3,349652529;-4,548456669
21,041439;9,253344536;3,943371773;-4,536492825
21,05829541;11,5396862;5,073382378;-5,010570526
21,07515187;14,22114277;5,497210979;-6,224329948
21,09200749;14,24746418;4,704588413;-6,226722717
21,10886312;10,81914711;4,723731041;-5,939583778
21,12571958;7,754539967;4,742873669;-4,742275238
21,14257603;6,08584547;4,735694885;-3,56680131
21,15943166;5,719743252;5,961717606;-2,453540564
21,17628728;5,827420235;8,156833649;-1,153639674
21,19314369;5,992525101;11,63569832;-0,713061154
21,21000015;9,574281693;14,85554028;-1,749751568
21,22685577;9,638887405;13,08634663;-1,584646821
21,2437114;3,972085476;9,368498802;-0,911964536
21,26056786;1,75034976;10,99890804;-1,098604679
21,27742432;2,379961252;12,99781227;-1,677966833
21,29427994;3,387937784;12,80877972;-2,551945448
21,31113556;1,096511006;9,090632439;-3,808775425
21,32799197;1,901097536;6,433103561;-6,056832314
21,34484843;3,852145433;5,789135456;-6,375077724
21,36170405;4,211368084;6,998108864;-8,89382267
21,37855968;2,956930637;10,00050354;-8,956035614
21,39541614;1,355234981;13,92443275;-7,48833847
21,4122726;0,909870803;13,93879032;-7,687242031
21,42912822;2,348854542;8,058727264;-3,372982502
21,44598385;4,79073;4,486841679;3,569792271
21,46284025;3,349353552;3,711267948;4,072584152
21,47969671;3,136392355;5,906383514;-0,720239639
21,49655239;3,960121393;7,963014603;-3,10259366
21,51340796;4,163511276;8,978169441;-3,210270643
21,53026442;4,074976921;9,140881538;-2,465504646
21,54712088;3,32063961;8,353343964;-2,147259235
21,5639765;2,760420084;7,067800045;-2,257328987
21,58083213;3,272783279;6,708577156;-2,989831924
21,59768859;3,608077526;6,895217419;-3,930809498
21,61454504;3,861716747;7,122834682;-4,881358147
21,63140067;3,837788343;6,87846756;-5,343472004
21,64825629;3,883252144;5,645565987;-4,589134693
21,6651127;3,007179976;3,529114246;-2,156830549
21,68196916;3,203391314;4,101297855;-0,691525757
21,69882484;3,643969774;7,419544697;-3,562015533
21,71568041;3,150749207;9,457033157;-8,156534195
21,73253687;3,095714331;8,731708527;-8,161319733
21,74939332;4,103690624;6,81386137;-4,835894585
21,76624895;5,006083965;5,461318493;-2,944368362
21,78310458;5,602196217;4,110869408;-1,062712312
21,79996103;5,437091351;3,268296719;-0,00209372
21,81681749;4,436293125;2,901895761;0,469591439
21,83367312;3,780360699;4,271487713;0,639481843
21,85052874;2,942573547;10,29003429;-0,5910272
21,8673852;7,393223763;21,62872314;-5,88694191
21,88424166;18,70768547;32,34946823;-7,854739666
21,90109728;11,80798149;17,22114372;-3,621836185
21,91795291;9,301200867;9,998110771;-0,100199446
21,93480932;11,49182987;8,358129501;2,96889472
21,95166577;10,29721355;4,465306282;6,699006081
21,96852145;8,542376518;1,554138303;3,366402388
21,98537708;10,77368355;2,411067963;1,278664589
22,00223348;6,923931599;5,985645771;1,661815286
22,01908994;5,877669811;6,248856544;1,013061285
22,03594557;4,819443703;6,895217419;-1,313958764
22,05280119;4,845765114;7,09172821;-4,404887199
22,06965765;3,93828702;6,46421051;-5,733502388
22,08651411;2,93778801;5,976074696;-5,084748268
22,10336973;2,047059774;6,349354744;-4,788038254
22,12022536;1,59691;6,138786316;-4,174877167
22,13708182;2,573779821;5,964110374;-3,679563046
22,15393827;2,573779821;5,76760006;-3,526123285
22,1707939;2,607279301;5,695815086;-3,796811342
22,18764952;3,239283562;5,319842815;-4,112663746
22,20450598;4,766801834;5,106881618;-4,069592953
22,22136244;7,615756035;3,984049797;-4,201497555
22,23821807;10,49820995;3,646362543;-5,379364491
22,25507369;13,73270798;4,374378681;-6,672086716
22,27193015;16,13629913;3,735196114;-6,01376152
22,28878661;14,03181076;3,0981071;-5,415256977
22,30564223;10,88614655;4,953741074;-6,111867428
22,32249786;7,268497944;5,384748459;-4,455136776
22,33935432;5,31027174;5,887240887;-3,439981699
22,35621077;4,342973232;6,835396767;-3,186342478
22,3730664;5,236093998;8,137690544;-2,930011272
22,38992202;4,927121162;9,492925644;-2,247757673
22,40677848;4,939085007;11,470294;-1,610967875
22,42363494;8,286046028;13,57956791;-2,700300455
22,44049057;7,879265785;12,37298679;-2,298007011
22,45734619;3,646362543;11,51815128;-1,637288928
22,4742026;0,696909607;15,84676743;0,354735971
22,49105905;0,768694282;14,3434763;-0,241375983
22,50791473;0,459721059;11,57348537;-2,085045815
22,52477036;2,839682341;9,049954414;-1,378564954
22,54162676;4,857728958;7,12762022;-3,796811342
22,55848322;5,226522923;6,751648426;-6,949654102
22,5753389;4,635196686;9,200701714;-10,22961617
22,59219452;0,756730139;10,27567768;-10,68694401
22,60905093;-0,239282265;11,17597771;-10,09083176
22,62590739;-0,069391854;10,06510925;-8,469993591
22,64276307;3,483650684;6,754041195;-3,368196964
22,65961869;5,511268616;4,673481941;2,222034931
22,6764751;4,194618225;4,257130623;2,312962294
22,69333155;3,555435419;5,70299387;-0,4953143
22,71018723;3,988835335;7,539186001;-2,484647274
22,72704286;4,409972191;8,26241684;-3,16719985
22,74389926;4,91754961;8,034799576;-3,195913792
22,76075572;5,319842815;7,529614449;-3,356232882
22,7776114;5,111667156;7,340581894;-3,42323184
22,79446702;4,551447868;7,328617573;-3,777668715
22,81132343;3,208176851;6,646364212;-3,904488325
22,82817989;1,623231053;5,899205208;-3,085843801
22,84503556;1,853241086;5,399105072;-3,13609314
22,86189119;2,956930637;6,107679844;-3,13609314
22,8787476;3,864109516;7,448258877;-3,107379198
22,89560405;4,034298897;8,362915039;-4,883750916
22,91245973;3,804288864;7,486543655;-5,161318302
22,92931536;3,725325823;6,102894306;-4,227818489
22,94617176;3,57218504;4,773980141;-4,378566265
22,96302822;3,957728624;3,754338741;-4,388137817
22,9798839;4,486542225;3,548256874;-4,191926003
22,99673952;4,663910389;3,002394199;-3,540480137
23,01359593;4,354937077;1,726421595;-2,293221474
23,03045239;3,813860178;1,111167073;-0,698704183
23,04730806;2,956930637;5,350949764;-0,780060172
23,06416369;3,038286448;15,38943863;-4,04087925
23,0810201;10,4168539;31,77010536;-8,261817932
23,09787655;18,90629005;32,44996643;-8,35274601
23,11473223;9,49980545;14,43679619;-0,658026218
23,13158786;9,485447884;10,58465099;2,135893345
23,14844426;12,97867012;7,448258877;4,436592102
23,16530072;11,73350525;4,046263218;5,681458473
23,1821564;10,23021412;4,441378117;5,669494152
23,19901202;7,622934818;5,190630436;3,751945972
23,21586843;6,504888535;5,475675583;1,551745534
23,23272489;6,766005039;7,137191772;-3,243770123
23,24958056;5,683851242;7,42672348;-8,850751877
23,26643619;4,070191383;6,861718178;-9,554540634
23,2832926;2,997608662;6,998108864;-6,279364586
23,30014905;0,366400957;5,683851242;-4,150949001
23,31700473;-0,229710966;5,338985443;-1,780858278
23,33386036;1,455733418;7,134799004;0,215653136
23,35071676;2,140379906;7,484150887;-1,436291814
23,36757322;2,573779821;6,253642082;-4,057629108
23,3844289;3,670290947;4,659124851;-5,489434242
23,40128452;5,427519798;3,591327667;-6,020939827
23,41814093;7,27567625;2,513959408;-5,980261803
23,43499739;8,561519623;2,138286114;-5,465506077
23,45185306;11,07278633;3,826123476;-5,453541756
23,46870869;14,12543011;5,913562298;-6,123831272
23,4855651;14,62104321;5,98803854;-5,989833355
23,50242155;11,1948204;5,130809784;-5,88694191
23,51927723;8,264510155;4,144368649;-4,969892502
23,53613286;6,502495766;3,574577808;-4,323531628
23,55298926;5,650351524;4,817350388;-3,667598963
23,56984572;6,112166405;7,103692055;-3,528516054
23,5867014;5,058726311;9,100203514;-3,018545866
23,60355702;5,358128071;9,200701714;-1,201496124
23,62041343;8,245368004;9,330213547;-1,859821439
23,63726989;7,560721397;7,98215723;-3,16719985
23,65412556;6,710670948;7,71176815;-3,581158161
23,67098119;5,913562298;9,521639824;-2,977867842
23,6878376;6,179165363;12,90688515;-1,060319543
23,70469405;4,022335052;16,64178276;0,385842651
23,72154973;0,797408164;15,9759798;1,841277003
23,73840536;1,996810555;12,47348499;-2,345863581
23,75526176;4,829015255;9,624530792;-6,542874336
23,77211822;5,441876888;8,051548958;-7,229913712
23,7889739;5,06111908;7,852944851;-6,20758009
23,80582952;2,858824968;9,559925079;-7,127022266
23,82268593;0,191724911;11,18554878;-8,062914848
23,83954239;-1,165902853;10,46500969;-8,297710419
23,85639806;-0,418743968;7,151548862;-9,154640198
23,87325369;2,063809633;4,67587471;-6,789335251
23,8901101;3,766003847;3,605684519;-2,400898457
23,90696661;4,338187218;4,180261135;3,682554007
23,92382223;3,943371773;5,686244011;2,909074068
23,94067786;4,378865242;7,666304588;-2,987439156
23,95753426;5,367699623;8,563912392;-4,823930264
23,97439072;5,758028507;8,777172089;-3,91166687
23,9912464;5,291129112;8,484949112;-3,301198006
24,00810202;4,551447868;8,499305725;-2,925225735
24,02495843;3,950550079;8,722137451;-3,315554857
24,04181489;3,440579891;8,068299294;-4,711168766
24,05867051;2,533101797;7,060621262;-5,312365532
24,07552619;1,724028707;6,236892223;-4,617848396
24,0923826;1,206879973;5,836991787;-3,382553816
24,10923905;1,438983679;6,215356827;-2,338685036
24,12609473;2,13559413;7,12762022;-4,150949001
24,14295036;2,394318104;8,353343964;-6,059225082
24,15980676;2,612065077;8,171489716;-5,920441628
24,17666322;3,052643538;6,976573467;-5,01774931
24,19351885;3,296711445;6,014359951;-4,548456669
24,21037447;4,261617184;5,348556995;-3,372982502
24,22723093;4,910371304;4,879563808;-2,877369165
24,24408739;4,549055099;3,624827147;-1,342672586
24,26094301;3,849752426;2,851646423;1,094417214
24,27779864;4,374079704;2,049751759;2,111965179
24,2946551;4,158725739;3,340081215;1,970489502
24,31151155;4,587339878;10,77129078;-0,840179861
24,32836718;12,55244827;26,14398003;-8,190033913
24,3452228;21,00359917;33,47229767;-14,40269852
24,36207926;6,974180698;15,0592289;-2,321935177
24,37893572;5,068596363;10,37139034;-0,042771704
24,39579135;6,3373909;8,702695847;1,182951689
24,41264697;8,858229637;6,368497372;4,877170563
24,42950343;7,206284523;2,241177559;1,613958836
24,44635989;8,080263138;2,612364054;1,496710539
24,46321551;6,066702843;4,865206718;1,853241086
24,48007114;4,580161572;6,490830421;-0,4953143
24,4969276;4,137190342;7,986942768;-4,991427898
24,51378405;3,0981071;7,900801182;-7,59631443
24,53063968;2,597707987;7,96780014;-7,09112978
24,5474953;1,838884234;7,714160919;-4,404887199
24,56435176;1,427019596;6,988537788;-2,874976397
24,58120822;2,930609465;6,46421051;-2,69312191
24,59806385;3,61764884;6,603293419;-2,022832394
24,61491947;3,835395575;5,889633656;-2,539981127
24,63177593;4,503591537;4,556233406;-3,411267757
24,64863239;5,686244011;3,289832115;-4,206283092
24,66548801;7,211070061;2,722434044;-4,502993107
24,68234364;9,530911446;2,537887573;-4,273282051
24,6992001;12,06879902;4,48444891;-5,362614632
24,71605655;12,8754797;5,88006258;-6,621837616
24,73291218;11,77657604;6,098108292;-6,947261333
24,7497678;9,70827961;6,452246189;-6,087938786
24,76662426;7,067500591;5,480461121;-3,957130432
24,78348072;6,13609457;5,31027174;-3,612264872
24,80033635;7,754539967;7,421937466;-3,713062525
24,81719197;8,0252285;10,39292622;-4,397708893
24,83404843;7,417151928;10,49611664;-3,952344894
24,85090489;4,872086048;8,348558426;-2,30039978
24,86776051;2,10209465;6,785147667;-1,498505235
24,88461614;2,578565598;7,907979965;-1,546361685
24,9014726;3,866502285;11,21665478;-1,417149186
24,91832905;5,276772022;13,45992661;-0,468993247
24,93518468;6,495316982;13,51974678;-0,780060172
24,9520403;7,187141895;12,4926281;-2,965903759
24,96889671;5,746064663;9,784850121;-2,403291225
24,98575322;4,364508629;7,441080093;-3,138485909
25,00260885;4,122833252;7,297510624;-4,941178799
25,01946447;2,554637194;6,718148708;-7,064808846
25,03632088;1,350449324;7,637590885;-8,369495392
25,05317734;0,768694282;9,368498802;-8,898608208
25,07003301;2,238485575;10,2589283;-9,635896683
25,08688864;4,228117466;9,078668594;-9,135498047
25,10374504;5,803492069;7,429116249;-6,844369888
25,1206015;6,428318024;5,669494152;-1,725823283
25,13745718;4,350151539;4,541876316;6,531508446
25,1543128;3,126821041;5,798706532;4,537090778
25,17116921;3,002394199;7,826623917;-2,508874655
25,18802567;3,715754509;9,049954414;-4,727918625
25,20488129;4,187439442;8,880064011;-3,677170277
25,22173692;4,022335052;8,149654388;-2,836691141
25,23859338;3,744468451;7,319046497;-2,561516523
25,25544984;3,349353552;6,682256222;-3,626621723
25,27230546;3,212962627;6,062216282;-4,701597214
25,28916109;3,119642496;5,145166874;-5,549254894
25,30601754;1,980060697;4,544269085;-3,789632797
25,322874;1,613659739;5,504389286;-1,65164578
25,33972963;1,759921074;7,436294556;-2,669193745
25,35658525;1,834098577;9,701101303;-6,355935097
25,37344171;2,983251572;9,591031075;-6,183651924
25,39029817;3,107678413;7,192226887;-5,137390137
25,40715379;3,019144058;5,140381336;-3,899702787
25,42400942;3,734897137;3,404687405;-2,535195589
25,44086588;4,015156269;2,708076954;-1,816750646
25,45772234;4,965405941;3,15583396;-0,037986059
25,47457796;5,539982796;3,191726208;0,902991474
25,49143359;5,176273346;3,83569479;1,87956214
25,50828999;3,651148319;7,826623917;-0,040378883
25,52514645;6,442675114;16,95524216;-4,948357105
25,54200213;18,71725655;32,84238815;-9,815657616
25,55885775;10,37856865;21,88475609;-7,703991413
25,57571416;4,706981182;13,36182117;-2,547159672
25,59257062;6,183950901;10,67318535;-1,151246786
25,60942624;7,821538925;8,942276955;1,127916813
25,62628187;8,898907661;5,908776283;4,855635166
25,64313832;8,269295692;1,65463686;-0,418743968
25,65999478;7,936693668;3,421437263;1,757528186
25,67685041;6,104988098;5,219344616;1,611566067
25,69370603;5,956633091;7,546364307;-2,573480844
25,71056249;5,432305813;7,173084259;-6,782156467
25,72741895;4,64716053;6,782754898;-6,439982891
25,74427458;3,378067255;6,902396202;-5,034498692
25,7611302;1,745564103;6,246463299;-2,882154942
25,77798661;1,187737346;6,155536175;-0,612562597
25,79484306;1,6926229;6,387639999;-1,179960608
25,81169874;2,442174673;5,588138103;-3,669991732
25,82855437;3,191427231;4,161118507;-5,333900928
25,84541077;4,096512318;3,28265357;-5,774179935
25,86226723;5,142774105;3,28265357;-5,278566837
25,87912286;6,866503716;3,926621914;-4,855037212
25,89597848;10,51496029;6,236892223;-5,405685425
25,91283494;15,53779411;7,371688366;-5,594718456
25,9296914;14,93450356;5,5594244;-5,81485796
25,94654702;10,47667503;4,534698009;-6,475875378
25,96340265;7,843074322;3,986442566;-6,300900459
25,98025911;6,722635269;3,665505171;-5,812465191
25,99711556;6,090631008;5,858527184;-5,616253853
26,01397119;6,176772594;9,540781975;-4,553242207
26,03082682;6,284748554;9,231808662;-3,763311863
26,04768322;4,549055099;8,621339798;-5,190032482
26,06453968;3,191427231;9,260522842;-3,799204111
26,0813953;3,837788343;10,91964626;-2,288435698
26,09825093;4,833800793;12,61944771;1,240379453
26,11510739;4,010370731;14,53729534;1,944168448
26,13196385;2,75084877;12,96670628;0,891027331
26,14881947;3,153141975;11,0491581;0,953240693
26,1656751;5,001298428;9,238986969;-2,104188442
26,1825315;6,05713129;7,939086437;-5,19481802
26,19938796;6,210571289;7,450651646;-5,530112267
26,21624359;5,583053589;8,851349831;-6,054439545
26,23309921;4,460221291;10,86221886;-8,517850876
26,24995567;1,776670814;10,94596672;-7,390232563
26,26681213;0,385543555;9,945467949;-8,350353241
26,28366775;0,541077018;8,015656471;-10,80419254
26,30052338;3,706183195;7,218547821;-9,875477791
26,31737984;6,876074791;6,897610188;-6,509375095
26,33423629;7,601399422;5,896812439;-3,660420418
26,35109192;5,779563904;5,147559643;3,840480328
26,36794754;2,805883646;5,411069393;7,218547821
26,38480395;2,537887573;6,284748554;1,838884234
26,40166041;3,768396616;7,084549427;-2,592623234
26,41851603;4,934299469;7,907979965;-3,65563488
26,43537166;5,477769375;8,894420624;-3,557229996
26,45222812;4,850550652;8,985347748;-3,301198006
26,46908458;4,029513359;8,46819973;-3,109772205
26,4859402;3,047857761;7,570292473;-4,335495472
26,50279583;1,836491346;5,518746376;-4,943571568
26,51965223;0,524327278;2,595614433;-5,329114914
26,53650869;-0,088534437;1,683350682;-3,128914595
26,55336432;1,635195136;3,864408493;-1,299601793
26,57021994;2,777169704;7,110870838;-5,233103275
26,5870764;2,789133787;8,662017822;-8,611170769
26,60393286;3,143570662;6,825825691;-6,889833927
26,62078848;2,609672308;3,620041609;-4,61067009
26,63764411;3,89043045;2,035394669;-2,183151484
26,65450051;4,692624092;2,121536493;-1,256531
26,67135697;5,468197823;1,783849239;0,062512495
26,6882126;5,597410202;1,326521039;1,367199063
26,70506822;4,812265396;4,400700092;0,749551714
26,72192468;9,870991707;17,94168282;-8,319246292
26,73878109;25,36810684;42,4860611;-11,03180981
26,75563676;10,48863888;22,65315056;-4,134199142
26,77249239;4,998905659;12,80399418;-1,405185103
26,78934879;5,327021599;10,1464653;-0,849751115
26,80620525;8,819944382;9,880862236;3,622434378
26,82306088;10,11027431;6,766005039;6,248856544
26,8399165;10,95075321;3,735196114;2,684148788
26,85677291;9,847063065;3,447758436;3,682554007
26,87362937;8,161619186;3,541078329;3,830909014
26,89048499;7,823931694;5,322235584;-0,528813779
26,90734062;7,594220638;7,421937466;-6,906583309
26,92419708;5,475376606;8,149654388;-9,961619377
26,94105353;2,657528639;7,80508852;-8,10837841
26,95790916;-0,799501836;6,718148708;-5,137390137
26,97476478;-2,836990356;6,043073654;-0,4953143
26,99162119;-0,229710966;7,579864025;0,186939269
27,00847765;1,458126307;7,860123158;-3,023331404
27,02533327;2,485245466;6,076572895;-4,840680122
27,0421889;3,174677372;3,560220957;-5,329114914
27,05904536;4,939085007;1,362413406;-5,953940868
27,07590176;8,061120033;-0,171984121;-6,987939358
27,09275744;13,22991657;1,135095239;-8,977571487
27,10961301;15,4420805;4,680660248;-7,639385223
27,12646947;12,52852058;7,809874058;-3,241377354
27,14332593;9,954740524;9,002098083;-1,893320918
27,16018155;6,806683064;7,86969471;-2,542374134
27,17703718;4,958227634;6,222535133;-3,861417532
27,19389359;4,400400639;5,224130154;-4,821537495
27,21075004;4,570590496;5,207380295;-3,59790802
27,22760567;5,499304771;7,065407276;-2,671586514
27,24446129;6,976573467;11,10897827;-4,208675861
27,2613177;9,047561646;12,81117249;-3,662813187
27,27817416;7,230212688;11,89173031;-1,833500385
27,29502978;5,537590027;12,80160141;-1,766501307
27,31188541;3,703790426;14,83161163;-0,346959293
27,32874187;1,019940615;15,90180206;1,831705689
27,34559833;-0,35174492;13,36899948;-0,521635354
27,36245395;1,673480392;10,03639507;-3,01376009
27,37930952;3,770789385;7,898408413;-5,985047817
27,39616598;5,599802971;7,512865067;-5,932405472
27,41302244;4,773980141;7,625626564;-8,204390526
27,42987807;2,674278498;8,611768723;-9,489934921
27,44673369;1,168594718;9,916754723;-9,978369713
27,4635901;0,847657442;9,964611053;-10,08843899
27,48044655;2,54506588;7,843373299;-8,867501259
27,49730218;5,041976452;5,209773064;-5,03689146
27,5141578;7,057929516;2,54506588;5,63838768
27,53101421;5,686244011;2,152642965;6,43549633
27,54787067;4,613661289;4,884349346;-0,219840586
27,56472629;4,335794449;7,714160919;-2,331506491
27,58158192;4,110869408;8,817850113;-2,02761817
27,59843838;3,866502285;8,992527008;-2,793620348
27,61529478;3,236890793;7,673482895;-3,236591816
27,63215041;3,486043453;6,311069489;-2,611765862
27,64900603;4,39800787;7,055835724;-3,069094181
27,66586249;4,558626175;8,530412674;-4,095914364
27,68271895;3,928715706;8,216953278;-3,978665829
27,69957458;2,645564556;6,425925255;-2,807977438
27,71643015;1,929811478;5,805884838;-2,654836655
27,73328661;1,956132531;6,397211552;-2,977867842
27,75014306;1,965703845;8,906385422;-5,680860043
27,76699869;2,066202402;11,08504963;-8,297710419
27,78385432;2,420639277;8,975776672;-7,368697166
27,80071072;2,925823927;5,128417015;-4,186841488
27,81756718;3,212962627;3,998406649;-3,923630953
27,8344228;4,587339878;2,868396044;-1,965404749
27,85127843;4,984548569;2,042573214;-1,405185103
27,86813484;5,008476734;2,138286114;-0,916750193
27,88499129;4,879264355;2,102393866;-0,160020009
27,90184692;4,72612381;2,023430586;1,142273664
27,91870254;3,799503326;6,045466423;0,783051193
27,93555895;4,161118507;19,05255127;-4,4958148
27,95241541;18,61915207;42,94309235;-9,296115875
27,96927103;10,31874847;22,55983162;-6,825227261
27,98612666;4,836193562;12,95234871;-1,1608181
28,00298306;5,750850201;10,12971592;0,072083779
28,01983952;8,908478737;8,78195858;2,629113913
28,03669515;8,568697929;5,76760006;4,697410107
28,05355077;10,20149994;2,401496649;-2,075474501
28,07040718;9,509376526;3,47407937;0,883848846
28,08726364;7,594220638;5,437390327;0,445663214
28,10411926;6,445067883;7,862515926;-4,957928658
28,12097489;4,951049328;7,656733513;-6,274579048
28,13783129;4,500899315;8,051548958;-4,316352844
28,15468775;3,256033421;7,896015644;-2,178365946
28,17154338;0,974476993;7,565506935;-0,916750193
28,188399;-0,244067907;7,213762283;-1,342672586
28,20525546;0,785444021;6,856932163;-2,805584431
28,22211187;1,81495595;5,659923077;-4,081557274
28,23896749;3,038286448;3,936193228;-5,056034088
28,25582312;3,984049797;2,588435888;-5,630610943
28,27267952;4,998905659;1,441675663;-5,774179935
28,28953598;7,323832035;1,604387641;-6,200401783
28,30639161;10,4718895;4,060619831;-7,268198967
28,32324723;14,03899002;6,866503716;-6,660122871
28,34010364;15,94008732;8,161917686;-5,170889854
28,3569601;10,85264683;6,799504757;-4,986642361
28,37381572;7,479365349;5,003990173;-4,919643402
28,39067135;6,104988098;4,639982224;-4,756931305
28,40752775;5,973382473;6,797111988;-4,08873558
28,42438421;6,648457527;11,41765213;-3,914059639
28,44123984;8,367402077;13,25653648;-4,912465096
28,45809546;5,240880013;8,013263702;-2,963510752
28,47495187;1,980060697;6,883253574;-2,633301258
28,49180832;1,898704767;8,209774017;-2,374577284
28,50866395;1,786242127;10,76889801;-0,473778874
28,52551958;2,93778801;14,93480206;1,101595759
28,54237598;3,162713289;14,28574944;0,572482824
28,55923244;4,275974274;12,18634701;-2,369791746
28,57608806;5,288736343;9,947860718;-4,268496513
28,59294369;4,826622486;7,589435101;-4,747061253
28,6098001;4,884049892;7,558328629;-6,123831272
28,62665655;3,849752426;8,013263702;-7,86670351
28,64351218;1,671087503;8,403593063;-8,613563538
28,6603678;0,514755964;8,923134804;-9,578469276
28,67722421;1,905883193;9,361320496;-9,683753014
28,69408067;4,213760853;8,575876236;-9,284152031
28,71093629;6,392425537;7,055835724;-7,847560883
28,72779192;7,196712971;5,382355213;-2,836691141
28,74464833;6,145665646;3,938585997;7,04387188
28,76150478;3,608077526;4,122833252;7,577471256
28,77836041;2,923431158;6,086144447;-1,043569803
28,79521603;3,253640652;7,781160355;-3,813561201
28,81207244;3,703790426;8,451449394;-3,380161047
28,8289289;3,852145433;8,23370266;-3,250948668
28,84578452;3,69900465;7,671090126;-2,513660192
28,8626401;3,325425386;7,577471256;-2,819941521
28,87949655;3,050250769;7,49132967;-4,380959034
28,89635301;2,626421928;6,215356827;-4,7374897
28,91320859;2,114058733;4,992026329;-5,268995285
28,93006421;1,261914849;4,920241356;-1,22542429
28,94692067;2,111665964;7,14197731;-2,161616087
28,96377708;2,894717216;8,791529655;-4,170091629
28,9806327;2,93778801;10,16560745;-6,22193718
28,99748833;3,148356438;9,32303524;-5,075176716
29,01434473;2,746062994;7,2065835;-3,454338551
29,03120119;3,450151205;5,834599018;-2,745764017
29,04805682;4,295116425;4,623232365;-2,640479803
29,06491244;4,704588413;3,395116329;-2,082653046
29,08176885;4,525126934;2,408675194;-1,005284667
29,0986253;4,429114819;1,92741859;-0,325423867
29,11548093;4,09172678;2,911466837;0,268295229
29,13233655;2,28903389;6,124429703;0,792622507
29,14919296;4,498506546;17,51785469;-4,675276279
29,16604942;21,44896317;38,21726608;-12,13071346
29,18290504;13,09113312;22,86162567;-6,389434814
29,19976067;5,724529266;12,01854992;-0,662811875
29,21661708;6,476174355;9,198308945;0,455234498
29,23347353;9,286844254;7,218547821;4,364807606
29,25032916;6,51445961;3,457329512;4,508377075
29,26718473;6,792325974;2,956930637;0,062512495
29,28404119;9,03799057;3,512364626;-2,161616087
29,3008976;8,140083313;5,078167915;-1,258923769
29,31775322;6,006882191;5,853741646;-4,08873558
29,33460885;4,144368649;6,43549633;-5,278566837
29,3514653;3,490829229;7,488936901;-4,53170681
29,36832171;3,524328709;7,699804306;-3,825525284
29,38517734;2,509173632;6,437889099;-2,467897415
29,40203296;1,230808139;6,541079998;-2,001296997
29,41888937;0,294616282;6,536293983;-2,36500597
29,43574583;1,216451168;5,906383514;-3,942773581
29,45260145;2,286641121;4,577768803;-4,701597214
29,46945708;3,648755312;4,357629299;-4,591527462
29,48631348;5,55194664;3,723232031;-4,043272018
29,50316994;7,52722168;3,658326626;-4,024129391
29,52002557;10,46231747;5,10448885;-4,550849438
29,53688114;12,91884899;7,338188648;-5,422435284
29,5537376;14,58485222;6,632007122;-6,07836771
29,57059405;12,17886925;4,539483547;-8,144570351
29,58744968;8,853444099;3,993621111;-8,810073853
29,60430525;5,892026424;3,263510942;-6,250650883
29,62116171;5,078167915;4,599304199;-4,016951084
29,63801812;6,574280262;7,927122116;-2,511267424
29,65487374;6,430710793;10,67079258;-1,706680775
29,67172937;6,160022736;12,62662601;-1,486541033
29,68858577;7,08425045;13,57717514;-0,390030086
29,70544223;6,866503716;9,827920914;-1,515254974
29,72229786;4,599304199;6,804290295;-1,811964989
29,73915348;2,669492722;9,789635658;-0,435493708
29,75600989;2,805883646;12,09302616;-0,363709033
29,77286635;2,456531525;13,6106739;-0,665204704
29,78972197;1,269093275;12,69870949;-1,725823283
29,8065776;1,336092353;8,480163574;-3,966701746
29,823434;4,419543266;7,639983654;-6,547659874
29,84029041;5,372485161;7,800302505;-7,354340553
29,85714603;4,110869408;7,551149845;-8,975178719
29,87400166;2,509173632;8,61655426;-9,41336441
29,89085806;0,907477975;10,23260689;-8,582456589
29,90771452;0,862014353;11,06590748;-7,665706635
29,92457015;1,87956214;8,815457344;-7,509873867
29,94142577;5,097310543;5,89441967;-5,704788208
29,95828218;7,989335537;4,723731041;2,734398127
29,97513864;5,633601665;4,723731041;4,807778835
29,99199426;3,945764542;6,330212116;0,656231582
30,00884989;3,730111361;7,984549999;-3,29641223
30,02570629;3,871287823;8,535198212;-3,921238184
30,04256275;4,14197588;8,307880402;-3,219841957
30,05941838;3,993621111;7,862515926;-2,599801779
30,07627395;3,770789385;7,661519051;-2,891726255
