Time(s);X(rad/s);Y(rad/s);Z(rad/s)
0,008698657;1,612789512;2,062220335;1,47641778
0,025559073;1,620119691;2,794015408;1,647455096
0,042418709;1,331799746;3,16174531;1,181989431
0,059277563;0,992168665;2,449497461;0,724922955
0,076137094;0,730726063;1,252236843;0,734696567
0,092997563;0,872442603;0,19043164;0,998735249
0,109857146;0,982395113;-0,152864531;0,765238881
0,126716001;1,022711039;-0,332453609;0,647956252
0,143575584;1,11067307;0,419041216;0,803264141
0,160436001;0,97628665;1,209477544;1,039051175
0,177295636;0,742942989;1,580872655;1,05493319
0,19415449;0,723395884;1,282779217;1,045159698
0,211014021;1,066691995;0,714691281;0,91688174
0,22787449;1,237729311;0,599852026;0,727366388
0,244734126;1,166870952;0,855186164;0,666281641
0,261592928;1,025154471;0,983464062;0,672390103
0,278452511;0,882216156;0,968803763;0,64184773
0,295312928;0,733169437;0,866181433;0,590536594
0,312172563;0,59389627;0,719578087;0,502574563
0,329031417;0,501047492;0,543654084;0,379183441
0,345890948;0,394760042;0,373838514;0,242353648
0,362751417;0,293359399;0,179436386;0,08597675
0,379611053;0,271368891;-0,111326911;-0,096055731
0,396469855;0,233496368;-0,347113967;-0,292748541
0,413329438;0,11606098;-0,415528834;-0,471115947
0,430189907;-0,103844032;-0,354444116;-0,64703995
0,44704949;-0,420262903;-0,193180442;-0,803416848
0,463908344;-0,665823519;0,067040488;-0,881605327
0,480767928;-0,665823519;0,397050709;-0,743553817
0,497628344;-0,162485376;1,468476772;-0,02519745
0,51448798;-0,200357899;2,075659037;0,376740038
0,531346834;-0,691479087;0,320083976;0,318098724
0,548206365;-1,07264781;-1,689756274;-0,227998734
0,565066834;-1,099525094;-1,975632787;-0,961015463
0,581926469;-0,304201931;-0,876107693;-1,356844425
0,598785323;0,224944502;-0,072232686;-1,320193648
0,615644855;0,096513867;0,69758755;-1,001331329
0,632505323;-0,232121959;0,579083204;-0,676360607
0,649364959;-0,412932754;-0,642764032;-0,548082709
0,666223761;-0,411711067;-1,144880533;-0,523648799
0,683083344;-0,277324647;-0,840678513;-0,554191172
0,699943813;-0,290763289;-0,534033239;-0,676360607
0,716803396;-0,502116442;-0,465618312;-0,683690786
0,733662251;-0,531437099;-0,662311137;-0,769209385
0,750521834;-0,525328636;-0,465618312;-0,908482611
0,767382303;-0,685370624;0,041384902;-0,829072416
0,784241886;-0,824643791;0,120795049;-0,756992459
0,80110074;-0,762337387;-0,621995211;-0,81685549
0,817960323;-0,775776029;-1,366007209;-0,968345642
0,834820792;-1,034775257;-1,904774427;-1,06119442
0,851680376;-1,367076159;-2,546164036;-1,058750987
0,86853923;-1,767791986;-3,084931374;-1,019656777
0,885398813;-2,013352633;-3,249860048;-0,91947782
0,90225923;-1,453816533;-3,076379538;-0,791199923
0,919118865;-0,592521846;-1,94997716;-0,617719293
0,935977719;-0,018325418;-1,789935231;-0,549304426
0,952837303;0,107509121;-1,959750772;-0,452790529
0,969697719;-0,080631837;-1,736180663;-0,377045482
0,986557355;-0,213796541;-1,490620017;-0,258541107
1,003416209;-0,184475869;-1,257276416;-0,127819791
1,02027574;-0,083075225;-1,0434798;-0,096055731
1,037136209;-0,061084725;-0,888324618;-0,138815045
1,053995844;-0,171037227;-0,843121946;-0,199899763
1,070854698;-0,331079215;-0,691631794;-0,223111957
1,087714282;-0,447140187;-0,439962745;-0,241437376
1,104574698;-0,497229666;-0,31412819;-0,242659077
1,121434334;-0,550984204;-0,293359399;-0,207229927
1,138293188;-0,730573297;-0,110105217;-0,219446883
1,155152771;-0,923601031;-0,055128966;-0,224333659
1,172013188;-1,038440347;-0,058794048;-0,217003495
1,188872823;-0,959030211;-0,155307919;-0,186461121
1,205731678;-0,766002476;-0,287250936;-0,089947261
1,222591261;-0,598630309;-0,248156697;0,068873025
1,239451678;-0,541210651;-0,024586603;0,211811289
1,256311313;-0,674375355;0,310310394;0,337645829
1,273170167;-0,702474356;0,730573297;0,484249175
1,290029751;-0,519220173;1,159388065;0,595423341
1,306890219;-0,164928764;1,38784492;0,66994673
1,323749803;0,350779027;1,308434844;0,652842999
1,340608657;0,764933467;1,279114127;0,612527072
1,35746824;1,076465607;1,478250384;0,650399625
1,374328709;1,268271565;2,041451454;0,731031478
1,391188344;1,209630251;2,651077032;0,931542099
1,408047146;1,153432369;3,001703501;1,213753462
1,42490673;1,325691223;2,896637678;1,362800241
1,441767198;1,434422135;2,582662106;1,414111376
1,458626834;1,251167893;2,411624908;1,168550849
1,475485688;1,147323847;1,990140319;0,579541326
1,492345219;1,059361815;1,368297815;0,25579229
1,509205688;0,910315156;0,900388837;0,189820781
1,526065323;0,844343603;0,847855985;0,296108216
1,542924178;0,810136199;1,038440347;0,396287173
1,559783761;0,746608079;0,863738;0,371853262
1,57664423;0,6256603;0,684148908;0,214254677
1,593503813;0,531589806;0,981020689;0,061542861
1,610362667;0,48760882;1,354859233;0,128736064
1,627222251;0,425302416;1,264453769;0,24357535
1,644082719;0,316571593;0,968803763;0,338867515
1,660942355;0,341005474;0,780662775;0,253348887
1,677801209;0,584122717;0,647498071;0,12995775
1,694660792;0,72828263;0,454470366;-0,032527618
1,711521209;0,606113195;0,293206692;-0,195012987
1,728380844;0,322680056;0,38605547;-0,298857033
1,745239698;0,0219905;0,467909008;-0,394149184
1,762099282;-0,208909765;0,420262903;-0,521205425
1,778959751;-0,331079215;0,329857528;-0,648261666
1,795819386;-0,412932754;0,263733298;-0,747218907
1,81267824;-0,579083204;0,340852767;-0,804638565
1,829537771;-0,874733269;0,52044189;-0,763100922
1,84639824;-1,121515512;0,55587101;-0,721563339
1,863257876;-1,215586066;0,496007979;-0,750883997
1,88011673;-1,123958945;0,634059429;-0,776539564
1,896976313;-0,90283227;1,003011227;-0,724006712
1,913836782;-0,614512324;1,170383334;-0,60794574
1,930696417;-0,163707063;1,302326322;-0,405144453
1,947555271;0,272590578;1,414722204;-0,141258434
1,964414803;0,433854252;1,450151443;-0,16202724
1,981275271;0,435075969;1,358524323;-0,060626589
1,998134907;0,298246175;1,282779217;0,002901525
2,014993761;0,062306419;1,117850542;-0,124154702
2,031853344;-0,067193195;0,624285877;-0,067956761
2,048713813;-0,139273182;-0,218836024;-0,225555345
2,065573448;-0,265107721;-0,311684817;-0,417361379
2,082432303;0,113617592;0,897945464;-0,26464957
2,099291886;0,713622332;1,439156175;-0,043522868
2,116152355;0,913980186;1,017671585;-0,091168955
2,133011938;0,419193924;0,80020988;-0,567629814
2,149870792;0,059863031;0,924822748;-1,290872931
2,166730376;0,01343864;0,526550353;-1,703805685
2,183590844;0,063528113;-0,116213694;-1,72335279
2,20045048;0,007330167;-0,45217967;-1,579192877
2,217309334;-0,278546363;-0,650094211;-1,268882513
2,234168917;-0,454470366;-1,016602516;-1,083184958
2,251029386;-0,345739543;-1,003163934;-1,149156451
2,267889021;-0,230900258;-0,90542835;-1,143047929
2,284747876;-0,180810794;-0,895654798;-0,980562568
2,301607459;-0,180810794;-0,719730794;-0,626271129
2,318467928;-0,144159958;-0,268925518;-0,381932259
2,335327563;-0,246782288;0,001068983;-0,385597318
2,352186417;-0,289541602;-0,075897776;-0,37093699
2,369046001;-0,261442632;-0,117435388;-0,373380393
2,385906417;-0,182032481;0,040163208;-0,397814274
2,402766105;-0,14171657;0,312753797;-0,463785768
2,419624907;-0,194249421;0,530215442;-0,577403367
2,43648449;-0,312753797;0,560757756;-0,721563339
2,453344959;-0,450805277;0,510668337;-0,802195191
2,470204594;-0,515555084;0,469130695;-0,783869743
2,487063448;-0,526550353;0,482569337;-0,719119906
2,503923032;-0,517998457;0,536323905;-0,670252144
2,520783501;-0,487456113;0,610847235;-0,664143682
2,537643136;-0,41781953;0,613290668;-0,702016234
2,55450199;-0,339631081;0,489899516;-0,737445355
2,571361573;-0,273659587;0,235634327;-0,719119906
2,588222042;-0,239452124;-0,001374406;-0,590842009
2,605081678;-0,252890766;-0,168746561;-0,429578334
2,621940532;-0,289541602;-0,23105298;-0,237772301
2,638800115;-0,269994497;-0,176076725;-0,050853033
2,655660584;-0,197914511;-0,019699825;0,100637086
2,672520219;-0,136829794;0,095139459;0,175160453
2,689379073;-0,140494868;-0,050242186;0,2521272
2,706238657;-0,194249421;-0,276255667;0,39384377
2,723099126;-0,140494868;-0,373991221;0,502574563
2,739958761;-0,01343864;-0,292137712;0,585649788
2,756817615;0,034207448;-0,075897776;0,696824014
2,773677198;0,023212196;0,222195685;0,835028231
2,790537667;0,097735561;0,575418115;0,913216651
2,807397303;0,217614338;0,954143405;1,021947503
2,824256157;0,360552609;1,244906664;1,167329073
2,84111574;0,437519342;1,538113356;1,492299795
2,857976209;0,620773554;1,809329629;1,911341071
2,874835844;0,719730794;1,821546555;2,392688751
2,891694698;0,738056183;1,775122166;2,872814655
2,908554282;0,860225678;2,247917891;3,098828077
2,925414751;0,691631794;2,249139547;3,135478973
2,942274386;0,255486876;1,497797489;2,054279327
2,95913324;0,289694309;-0,270147204;0,176382139
2,975992823;1,153432369;-0,030695075;-0,603058934
2,992853292;1,884005666;0,775776029;-0,735001981
3,009712928;3,042171955;1,343863964;-0,941468358
3,026571782;3,919348717;1,535670042;-0,99400121
3,043431365;3,304836273;1,123958945;-1,001331329
3,060291834;2,008618593;2,261356592;-1,012326598
3,077151469;0,769820273;3,142198324;-0,798530102
3,094010323;-0,091627091;2,67306757;-0,560299635
3,110869959;-0,624285877;1,878966212;-0,494328141
3,127730428;-0,66215843;1,368297815;-0,57618165
3,144590063;-0,171037227;1,061652541;-0,676360607
3,161448917;0,435075969;0,728129923;-0,658035219
3,178308501;0,585344374;0,664601803;-0,767987728
3,195168969;0,367882758;1,06898272;-0,953685284
3,212028605;0,172411636;1,214364409;-1,091736794
3,228887459;0,11606098;1,11174202;-1,212684512
3,245747042;0,041537613;0,891837001;-1,276212692
3,262607511;-0,218683317;0,713469625;-1,304311633
3,279467146;-0,811205149;0,791658044;-1,273769259
3,296326001;-1,378071427;1,649287581;-1,073411345
3,313185584;-1,362189412;3,127537966;-0,782648027
3,330046053;-1,183822036;4,024261951;-0,322069228
3,346905688;-0,746455371;3,272919655;0,194707558
3,363764594;0,370326161;0,637724519;0,263122469
3,380624178;1,522384048;-0,863890708;-0,203564853
3,397484646;1,963415861;-0,294581085;-0,422248155
3,414344282;1,677539229;1,079977989;-0,610389113
3,431203136;1,166870952;2,075659037;-0,700794518
3,448062719;0,961626291;1,915616989;-0,737445355
3,464923188;0,339783788;0,668266892;-0,805860221
3,481782823;-0,718356371;0,4886778;-0,711789787
3,498641678;-0,869846523;2,019461155;-0,413696319
3,515501261;-0,364064962;3,43784833;0,041995749
3,53236173;0,325123459;3,722503185;0,309546858
3,549221417;0,729504347;2,81478405;-0,204786539
3,566080271;0,634212196;1,363411069;-1,107618809
3,582939855;0,795475841;0,767224133;-1,503447771
3,599800323;1,188861489;0,817313612;-1,435032964
3,616659959;1,45396924;0,304201931;-1,300646544
3,633518813;1,488176584;0,004734066;-1,188250661
3,650378396;1,208408594;-0,144312665;-1,094180107
3,667238865;0,612221658;-0,470505089;-0,986671031
3,684098501;-0,083075225;-0,66108942;-0,807081938
3,700957355;-0,665823519;-0,738056183;-0,637266398
3,71781699;-1,020114899;-0,910315156;-0,566408098
3,734677459;-1,280335903;-0,811357856;-0,491884768
3,751537094;-1,5503304;-0,720952451;-0,659256876
3,768395948;-1,473363638;-0,761268377;-0,821742296
3,785255532;-0,579083204;-0,055128966;-1,086849928
3,802116001;-0,190584347;0,627950966;-1,151599765
3,818975636;-0,108730815;0,787992954;-1,220014691
3,835834542;-0,310310394;0,80020988;-1,238340139
3,852694126;-0,550984204;0,753785491;-1,155264854
3,869554594;-0,593743563;0,750120461;-1,030652046
3,88641423;-0,496007979;0,891837001;-1,019656777
3,903273084;-0,406824261;1,057987452;-1,075854778
3,920132667;-0,348182946;1,154501319;-1,116170645
3,936993136;-0,322527349;1,133732557;-1,12838757
3,953852823;-0,309088707;0,978577316;-1,062416077
3,970711678;-0,326192439;0,807540059;-0,907260895
3,987571261;-0,344517857;0,593743563;-0,687355876
4,00443173;-0,328635812;0,383612067;-0,446682066
4,021291365;-0,2443389;0,211200446;-0,199899763
4,038150219;-0,146603346;0,258846521;0,052990999
4,055009855;-0,12216945;0,416597843;0,274117708
4,071870323;-0,162485376;0,572974742;0,462258667
4,088729959;-0,131943002;0,539988995;0,633295894
4,105588813;-0,047646087;0,709804535;0,81425941
4,122448396;0,083075225;1,225359559;1,025612593
4,139308865;0,245713309;1,781230569;1,247960925
4,156168553;0,417972237;2,168507814;1,47641778
4,173027407;0,568240643;2,647412062;1,946770191
4,18988699;0,537698329;3,059123039;2,640692711
4,206747459;0,469283402;2,972382784;3,260091782
4,223607094;0,672084689;2,578997135;3,433572531
4,240465948;0,86633414;3,037132502;2,767748833
4,257325584;1,006829023;1,905843496;1,223527074
4,274186053;1,346460104;0,441031724;0,106745556
4,291045688;1,885227323;-0,000152712;-0,482111186
4,307904542;2,355579853;0,957808495;-0,788756549
4,324764126;2,690324068;1,921725512;-1,036760569
4,341624646;3,29506278;2,773246527;-0,917034447
4,358484282;3,474651814;2,98093462;0,013896775
4,375343136;2,273726225;2,317554474;0,398730546
4,392202719;0,752716541;2,004800797;0,228915006
4,409063188;0,0219905;1,706707239;0,490357637
4,425922876;-0,004886778;1,138619304;0,408504099
4,44278173;0,613443375;0,338409394;0,39017868
4,459641313;1,584690452;0,72935164;0,276561111
4,476501782;2,018392086;1,105633497;0,355971247
4,493361469;1,851019859;0,97002542;0,249683812
4,510220323;1,596907496;0,878398359;0,10185878
4,527079907;1,710525036;0,740346849;0,043217443
4,543940376;1,716633558;0,66215843;0,033443887
4,560800011;1,209630251;0,735460103;-0,008093726
4,577658917;0,695296884;0,533880532;0,094528615
4,594518501;0,465618312;0,31153211;0,044439137
4,611378969;0,480278671;0,615734041;-0,122933008
4,628238605;0,557245433;0,976133943;-0,325734288
4,645097511;0,569462359;1,001789451;-0,511431873
4,661957094;0,531589806;0,737903476;-0,724006712
4,678817563;0,520594597;0,460578829;-0,928029716
4,695677198;0,486387134;0,620620787;-0,995222926
4,712536053;0,613443375;0,890615284;-0,930473089
4,729395688;0,739277899;1,077534556;-0,783869743
4,746256157;0,45950985;0,719578087;-0,876718521
4,763115792;-0,128277928;0,599852026;-0,91947782
4,779974698;-0,503338158;0,956586778;-0,976897478
4,796834282;-0,353069723;1,181378603;-0,929251373
4,813694751;-0,201579601;1,011563063;-1,029430389
4,830554386;-0,224791795;0,563201189;-1,238340139
4,847413292;-0,140494868;0,198983491;-1,55353725
4,864272876;0,054976255;0,068262182;-1,775885701
4,881133344;0,292137712;-0,309241414;-1,868734479
4,89799298;0,051311169;-0,6256603;-1,746564984
4,914851886;-0,404380888;-0,823574841;-1,381278396
4,931711469;-0,620620787;-0,73194772;-1,074633002
4,948571938;-0,550984204;-0,701405346;-1,007439852
4,965431626;-0,513111711;-0,639098942;-1,124722481
4,98229048;-0,83197397;-0,568240643;-1,217571259
4,999150063;-1,192373872;-0,568240643;-1,173590302
5,01601053;-1,323095202;-0,520594597;-1,101510286
5,03287022;-1,148392797;-0,549915254;-1,047755718
5,04972907;-0,879620075;-0,494938999;-0,989114404
5,06658866;-0,711026192;-0,334897012;-1,003774762
5,08344918;-0,769667566;0,141563848;-1,002553105
5,10030881;-0,530215442;-0,31779328;-0,945133448
5,11716767;-0,329857528;-1,570030212;-0,880383611
5,13402725;-0,627950966;-2,662225008;-0,763100922
5,15088777;-1,199704051;-2,94443655;-0,700794518
5,16774741;-1,101968408;-2,940771341;-0,523648799
5,18460626;-0,563201189;-2,278613091;-0,416139692
5,2014659;-0,043981001;-1,837581277;-0,410031229
5,21832637;0,255486876;-2,113684177;-0,315960735
5,235186;0,272590578;-2,287164927;-0,136371657
5,25204491;0,113617592;-1,929208398;-0,014202199
5,26890449;0,020768806;-1,675095916;0,035887275
5,28576496;-0,068414897;-1,522384048;0,062764555
5,30262465;-0,076966755;-1,297592282;-0,001985254
5,3194835;-0,059863031;-1,135106921;-0,020310672
5,33634308;-0,156376898;-0,918866992;-0,008093726
5,35320361;-0,322527349;-0,70018369;0,011453386
5,37006324;-0,489899516;-0,508377612;-0,048409645
5,38692209;-0,604738772;-0,3813214;-0,138815045
5,40378168;-0,620620787;-0,323901773;-0,164470628
5,4206422;-0,612068951;-0,311684817;-0,107050985
5,43750183;-0,570531368;-0,386208177;-0,033749312
5,45436069;-0,492342889;-0,45950985;-0,033749312
5,47122032;-0,48134765;-0,360552609;-0,041079476
5,48808079;-0,466687292;-0,138204187;0,043217443
5,50494043;-0,367730051;0,104913019;0,19226417
5,52179933;-0,239452124;0,513111711;0,386513591
5,53865892;-0,102622338;1,04088378;0,5673244
5,55551944;0,051311169;1,49046731;0,682163656
5,57237907;0,327566832;1,830098391;0,745691776
5,58923793;0,772263646;2,124526739;0,822811246
5,60609756;1,230399132;2,146517277;0,886339366
5,62295803;1,629893184;2,00724411;0,925433576
5,63981767;1,953642249;1,955932975;0,937650561
5,65667657;1,974411011;1,761683464;0,935207129
5,67353616;1,570030212;1,809329629;1,083032131
5,69039668;1,221847177;2,277238607;1,230857253
5,70725631;1,1851964;2,382304192;1,034164429
5,72411517;1,297592282;1,876522779;0,369409889
5,7409748;1,42953527;2,206380367;0,093306921
5,75783527;1,556591511;2,607096195;0,81425941
5,77469491;1,408766508;1,56132555;1,372573733
5,79155381;1,096012712;0,195318416;1,029277682
5,8084134;1,115559816;0,062153708;1,025612593
5,82527387;1,219403863;0,762337387;1,172215939
5,84213355;1,14610219;0,97002542;1,194206357
5,85899241;1,1424371;0,758672297;1,09769249
5,87585204;1,273158431;0,596186936;0,979188144
5,89271251;1,35501194;0,784327865;0,792116165
5,9095722;1,366007209;0,855186164;0,691937208
5,92643105;1,260941505;0,959030211;0,623522341
5,94329064;0,939635813;0,978577316;0,595423341
5,96015116;0,615886748;0,822200418;0,495244414
5,97701079;0,499825776;0,486234427;0,310768545
5,9938697;0,45217967;0,180658072;0,081089973
6,01072928;0,287250936;-0,035581853;-0,153475374
6,02758975;0,087962002;-0,234718055;-0,359941751
6,04444944;-0,064749807;-0,380099714;-0,563964725
6,06130829;-0,175924003;-0,463174939;-0,748440623
6,07816793;-0,195471123;-0,503490865;-0,896265626
6,0950284;-0,175924003;-0,267703801;-0,882826984
6,11188808;-0,178367406;0,267398387;-0,659256876
6,12874694;-0,442253411;0,786771298;-0,358720064
6,14560652;-0,988350868;0,047493376;-0,347724795
6,16246704;-1,204590797;-0,828461587;-0,660478592
6,17932668;-0,979799032;-0,582901001;-0,96223712
6,19618558;-0,467909008;-0,297024488;-1,106397152
6,21304517;-0,257777542;-0,128430635;-1,09295845
6,22990564;-0,280989736;0,013285927;-0,854728043
6,24676532;-0,474017471;-0,431410879;-0,767987728
6,26362418;-0,585191667;-1,506502032;-0,802195191
6,28048381;-0,502116442;-1,986628056;-0,684912503
6,29734428;-0,234565347;-1,556591511;-0,537087441
6,31420397;-0,145381644;-0,794254124;-0,412474603
6,33106282;-0,377503604;-0,251821786;-0,533422351
6,34792246;-0,787992954;0,231969252;-0,589620292
6,36478293;-0,79654485;-0,08933641;-0,594507098
6,38164262;-0,780662775;-0,443627834;-0,622606039
6,39850147;-0,97002542;-0,513264418;-0,511431873
6,41536105;-1,156944752;-0,672084689;-0,29641363
6,43222157;-1,021336675;-1,267049909;-0,238993987
6,44908121;-1,000567794;-1,566365123;-0,278088212
6,46594012;-1,185043693;-1,87545383;-0,390484124
6,4827997;-1,428160906;-2,279834747;-0,510210156
6,49966022;-1,60041976;-2,777064323;-0,60794574
6,51651986;-1,331647038;-2,846700907;-0,648261666
6,53337876;-0,588856757;-2,248070717;-0,666587055
6,55023834;-0,103844032;-1,890114188;-0,629936218
6,56709886;-0,046424393;-1,777718186;-0,46989426
6,5839585;-0,182032481;-1,723963618;-0,329399377
6,60081741;-0,27610296;-1,565143347;-0,220668569
6,61767699;-0,226013482;-1,49306345;-0,191347897
6,63453751;-0,146603346;-1,25605464;-0,147366896
6,65139715;-0,079410143;-1,048366666;-0,097277425
6,66825605;-0,097735561;-0,951852739;-0,075286925
6,68511564;-0,164928764;-0,87366432;-0,054518119
6,70197616;-0,257777542;-0,66475451;-0,066735066
6,71883579;-0,367730051;-0,465618312;-0,071621843
6,7356947;-0,502116442;-0,235939756;-0,085060477
6,75255428;-0,638946235;-0,039246935;-0,096055731
6,76941475;-0,766002476;0,057266932;-0,070400149
6,78627444;-0,814870238;0,03283304;-0,026419144
6,80313334;-0,786771298;0,024281178;0,016340164
6,81999293;-0,735460103;0,104913019;0,028557109
6,83685345;-0,676818788;0,256403148;0,063986249
6,85371308;-0,503338158;0,371395141;0,110410646
6,87057194;-0,318862259;0,570531368;0,225249931
6,88743157;-0,3151972;0,872289896;0,399952233
6,90429209;-0,334744304;1,248571754;0,573432863
6,92115173;-0,103844032;1,45503819;0,685828745
6,93801064;0,419193924;1,483137131;0,677276909
6,95487022;0,90542835;1,496575832;0,594201684
6,97173074;1,214517117;1,584537745;0,556329131
6,98859038;1,402657986;1,725032687;0,640626073
7,00544928;1,488176584;1,881409526;0,816702783
7,02230887;1,468629479;1,955932975;1,057376623
7,03916939;1,409988165;1,913173556;1,177102685
7,05602902;1,428313613;1,732362866;1,014617324
7,07288793;1,508945465;1,594311357;0,617413878
7,08974751;1,488176584;1,406170368;0,184934005
7,10660803;1,407544851;1,52589643;0,228915006
7,12346767;1,312252641;1,959598064;0,457371891
7,14032657;1,060583591;1,444042921;0,948645771
7,15718621;1,039814711;0,231969252;0,975523055
7,17404668;1,141215444;0,274881274;0,839914978
7,19090636;1,060583591;1,081199646;1,139230132
7,20776522;0,970178187;1,402505279;1,321262598
7,22462486;1,034927964;0,807540059;1,298050404
7,24148532;1,336686492;0,398272425;1,177102685
7,25834501;1,618897915;0,478904247;1,017060637
7,27520386;1,449082375;0,621842504;0,859462082
7,2920635;1,144880533;0,886950195;0,850910246
7,30892402;0,87366432;1,070204377;0,882674277
7,32578366;0,613443375;1,051878929;0,825254619
7,34264256;0,474170178;0,728129923;0,682163656
7,35950215;0,474170178;0,477682561;0,462258667
7,37636267;0,334897012;0,400715798;0,204481125
7,3932223;0,092848785;0,262511611;-0,023975754
7,41008121;-0,163707063;0,097582847;-0,253654331
7,42694084;-0,359178186;-0,050242186;-0,485776275
7,44380131;-0,4886778;-0,091779798;-0,708124697
7,460661;-0,487456113;-0,052685577;-0,813190401
7,47751986;-0,404380888;0,3151972;-0,681247413
7,49437949;-0,316418886;0,845412612;-0,358720064
7,51124001;-0,326192439;0,731795013;-0,229220435
7,52809965;-0,469130695;-0,402090222;-0,440573573
7,54495855;-0,656049967;-1,466186166;-0,604280651
7,56181814;-0,734238386;-1,556591511;-0,719119906
7,57867866;-0,646276414;-1,132663488;-0,796086669
7,59553834;-0,663380146;-0,444849521;-0,840067685
7,6123972;-0,681705535;-0,103996746;-0,824185669
7,62925683;-0,682927251;-0,122322165;-0,754549086
7,6461173;-0,586413384;-0,610999942;-0,733780265
7,66297699;-0,349404633;-0,852895498;-0,818077207
7,6798359;-0,098957255;-0,723395884;-0,766766012
7,69669548;0,034207448;-0,505934238;-0,603058934
7,713556;-0,001221695;-0,358109206;-0,484554589
7,73041564;-0,001221695;-0,488830507;-0,502879977
7,74727454;-0,086740308;-0,604891479;-0,532200694
7,76413418;-0,306645334;-0,617108464;-0,533422351
7,78099465;-0,579083204;-0,496160686;-0,563964725
7,79785433;-0,86007297;-0,245713309;-0,529757261
7,81471319;-1,097081661;-0,113770299;-0,444238663
7,83157282;-1,167939901;-0,483943731;-0,414918006
7,84843334;-1,214364409;-1,000720501;-0,417361379
7,86529298;-1,319430113;-1,656770468;-0,447903752
7,88215189;-1,41960907;-2,254179001;-0,645818293
7,89901152;-1,55766046;-2,678107023;-0,788756549
7,91587199;-1,629740477;-2,772177458;-0,791199923
7,93273168;-1,055544019;-2,202867985;-0,835180938
7,94959053;-0,605960488;-1,765501261;-0,868166685
7,96645017;-0,329857528;-1,622563004;-0,851062954
7,98331069;-0,282211423;-1,715411782;-0,704459608
8,00017032;-0,387277156;-1,434422135;-0,50532341
8,01702923;-0,400715798;-1,372115612;-0,373380393
8,03388887;-0,304201931;-1,285375357;-0,320847511
8,05074933;-0,168593839;-1,170536041;-0,359941751
8,06760902;-0,080631837;-1,125333309;-0,329399377
8,08446793;-0,059863031;-1,076465607;-0,218225181
8,10132751;-0,097735561;-0,918866992;-0,116824538
8,11818803;-0,155155197;-0,854117155;-0,027640838
8,13504772;-0,239452124;-0,613443375;-0,015423893
8,15190657;-0,331079215;-0,394760042;-0,020310672
8,16876621;-0,455692053;-0,218836024;-0,038636088
8,18562673;-0,590078473;-0,139425889;-0,053296424
8,20248636;-0,722021461;-0,194402143;-0,043522868
8,21934527;-0,80387497;-0,283585846;0,002901525
8,23620491;-0,86740309;-0,276255667;0,044439137
8,25306538;-1,073869467;-0,245713309;0,10185878
8,26992506;-1,152057886;0,025502874;0,226471618
8,28678392;-0,741568565;0,201426879;0,265565842
8,30364355;-0,365286648;0,427593082;0,258235693
8,32050407;-0,10628742;0,750120461;0,368188173
8,33736371;0,102622338;1,045770526;0,423164427
8,35422262;0,393538356;1,110520363;0,469588816
8,37108225;0,774707019;1,059209108;0,49280104
8,38794277;1,096012712;1,181378603;0,524565101
8,40480241;1,313474298;1,450151443;0,629630804
8,42166131;1,480846524;1,825211644;0,743248403
8,43852095;1,590798974;2,134300232;0,868013978
8,45538142;1,640888453;2,232035875;1,02316916
8,4722411;1,59935081;2,256469727;1,200314879
8,48910001;1,541931152;2,090319395;1,344474792
8,50595959;1,568808436;1,652952671;1,111131191
8,52282012;1,549261332;1,35608089;0,702932477
8,5396798;1,367228866;1,017671585;0,336424142
8,55653866;1,171757698;1,189930439;0,253348887
8,57339829;1,081352353;1,897291541;0,597866774
8,59025881;1,006829023;1,902178407;1,244295835
8,6071185;0,997055411;0,829530597;1,388455868
8,62397736;1,092347622;0,174549609;1,381125689
8,64083699;1,348903418;0,255181432;1,503295064
8,65769751;1,472294569;0,437366635;1,40189445
8,67455715;1,418540001;0,44958359;1,239409089
8,69141605;1,320804477;0,684148908;1,320040941
8,70827569;1,094791055;0,856407881;1,224748731
8,72513621;1,030041218;0,941926479;1,09036231
8,74199584;0,967734754;1,027445078;1,031720996
8,75885475;0,714843988;1,034775257;0,931542099
8,77571439;0,541363359;0,846634328;0,770125687
8,79257491;0,557245433;0,422706306;0,53189528
8,80943454;0,551136911;0,084144212;0,248462126
8,82629345;0,414307147;-0,050242186;-0,020310672
8,84315308;0,201732308;-0,042912021;-0,284196675
8,86001355;-0,02687728;-0,016034741;-0,546860993
8,87687324;-0,224791795;0,001068983;-0,780204654
8,89373215;-0,373838514;0,075592346;-0,895043969
8,91059178;-0,452026963;0,216087222;-0,853506327
8,9274523;-0,507003248;0,471574098;-0,583511829
8,94431194;-0,739125192;0,755007207;-0,340394646
8,96117084;-0,875954986;0,416597843;-0,447903752
8,97803048;-0,86740309;-0,322680056;-0,620162666
8,994891;-0,647498071;-0,783258915;-0,902374089
9,01175064;-0,129499614;-0,839456856;-1,168703556
9,02860954;0,123391144;-0,607334912;-1,328745484
9,04546918;0,007330167;-0,284807533;-1,238340139
9,0623297;-0,302980244;-0,094223186;-0,979340851
9,07918933;-0,577861488;-0,460731536;-0,704459608
9,09604824;-0,660936713;-1,032484531;-0,522427142
9,11290788;-0,593743563;-1,223068953;-0,478446126
9,1297684;-0,570531368;-0,978730023;-0,594507098
9,14662803;-0,583969951;-0,749051452;-0,639709771
9,16348694;-0,467909008;-0,530368149;-0,702016234
9,18034657;-0,41781953;-0,239604831;-0,732558549
9,19720709;-0,403159201;-0,402090222;-0,799751759
9,21406678;-0,653606594;-0,382543087;-0,836402595
9,23092564;-1,049435616;-0,398425132;-0,730115175
9,24778527;-1,170383334;-0,871220887;-0,653148413
9,26464579;-1,334090471;-1,313474298;-0,551747799
9,28150548;-1,569877505;-1,562700033;-0,395370901
9,29836433;-1,602863193;-2,085585356;-0,355054975
9,31522397;-1,637070656;-2,349471331;-0,515096963
9,33208449;-1,753131628;-2,433768272;-0,563964725
9,34894418;-1,213142633;-2,277391195;-0,581068456
9,36580308;-0,472795785;-1,960972428;-0,628714562
9,38266267;-0,001221695;-1,993958116;-0,633601308
9,39952319;0,069636591;-2,077033281;-0,504101694
9,41638288;0,006108473;-1,774053097;-0,37093699
9,43324178;-0,003665084;-1,660435557;-0,204786539
9,45010136;0,072079979;-1,721520305;-0,066735066
9,46696189;0,114839286;-1,455190897;0,011453386
9,48382157;0,118504368;-1,193748236;0,054212693
9,50068048;0,073301673;-0,928640544;0,110410646
9,51754012;0,025655584;-0,716065705;0,148283169
9,53440064;-0,031764057;-0,516929507;0,103080474
9,55126027;-0,083075225;-0,330010235;-0,000763559
9,56811918;-0,128277928;-0,130874023;-0,070400149
9,58497881;-0,243117213;0,013285927;-0,074065231
9,60183933;-0,409267664;0,057266932;-0,111937761
9,61869902;-0,544875741;0,018172706;-0,149810284
9,63555793;-0,648719788;-0,009926268;-0,164470628
9,65241751;-0,715912998;-0,042912021;-0,152253673
9,66927803;-0,748898745;-0,078341164;-0,14248012
9,68613772;-0,763559103;-0,116213694;-0,155918762
9,70299663;-0,824643791;-0,134539112;-0,148588598
9,71985626;-0,862516344;0,04382829;-0,133928254
9,73671673;-0,811205149;0,184323162;-0,083838783
9,75357642;-0,834417343;0,261289924;0,031000499
9,77043532;-0,974912226;0,736681819;0,297329903
9,78729496;-0,83563906;1,071426034;0,524565101
9,80415548;-0,364064962;1,265675545;0,656508088
9,82101517;0,210284174;1,444042921;0,680941999
9,83787407;0,619551837;1,511236072;0,643069446
9,85473366;0,816244662;1,574764252;0,70904094
9,87159418;0,94452256;1,865527511;0,857018709
9,88845386;1,154654026;2,013352633;1,061041713
9,90531277;1,389219403;1,935164094;1,282168388
9,92217241;1,598129153;1,838650227;1,368908763
9,93903293;1,660435557;1,810551286;1,291942
9,95589256;1,460077643;1,898513317;0,986518323
9,97275147;1,296370625;1,854532242;0,446376622
9,98961111;1,270714998;1,485580564;0,10185878
10,00647163;1,179087877;1,382958174;0,033443887
10,02333131;1,091125965;1,431825995;0,147061482
10,04019022;0,861447334;1,4941324;0,365744799
10,05704986;0,59023118;1,429382563;0,541668832
10,07391032;0,31412819;1,050657272;0,534338653
10,09077001;0,085518613;0,718356371;0,417055965
10,10762892;0,123391144;0,708582819;0,4964661
10,12448855;0,362995982;0,950478315;0,577097952
10,14134907;0,628103674;0,852742791;0,484249175
10,15820876;0,826018214;0,651163161;0,309546858
10,17506767;1,000720501;0,289541602;0,134844527
10,1919273;0,924975455;0,003512372;0,028557109
10,20878782;0,640320659;0,089030989;-0,088725567
10,22564746;0,35322243;0,432479858;-0,210895017
10,24250636;0,069636591;0,676818788;-0,320847511
10,259366;-0,196692824;0,774554312;-0,460120708
10,27622652;-0,41415444;0,676818788;-0,603058934
10,29308621;-0,549762547;0,48134765;-0,698351145
10,30994512;-0,665823519;0,426371396;-0,777761281
10,32680475;-0,80387497;0,448361874;-0,842511058
10,34366527;-1,071426034;0,441031724;-0,874275148
10,36052496;-1,337755442;0,651163161;-0,964680553
10,37738386;-1,255901933;1,035996914;-1,002553105
10,39424345;-0,768445849;1,264453769;-0,865723252
10,41110397;-0,073301673;1,479472041;-0,571294904
10,42796366;0,552358627;2,206380367;0,000458135
10,44482256;0,428967476;2,506917238;0,258235693
10,4616822;0,12216945;2,304115772;0,413390875
10,47854272;0,025655584;1,687160134;0,621078968
10,49540241;0,035429142;0,480125934;0,577097952
10,51226131;0,076966755;-1,193748236;0,414612591
10,52912095;0,158972994;-0,427745789;-0,078952007
10,54598147;0,210284174;0,475239158;-0,593285382
10,56284116;0,364217669;1,0335536;-0,74966228
10,57970006;0,609778285;0,996902704;-0,644596577
10,59655965;0,806471109;0,915049195;-0,770431101
10,61342017;0,849230409;1,194817185;-1,245670319
10,63027986;0,606113195;0,896723747;-1,427702785
10,64713876;-0,415376127;-0,097888276;-0,843732774
10,6639984;-1,378071427;-0,482722044;-0,484554589
10,68085892;-1,639514089;-0,125987247;-0,546860993
10,6977186;-1,362189412;0,291984975;-0,754549086
10,71457751;-0,83197397;0,426371396;-0,907260895
10,73143715;-0,399494112;0,467909008;-1,067302823
10,74829767;-0,075745061;0,180658072;-1,105175376
10,76515736;0;-0,45584476;-0,986671031
10,78201626;-0,219905019;-0,857782245;-0,805860221
10,7988759;-0,443475097;-0,757603288;-0,592063725
10,81573642;-0,27610296;-0,709957242;-0,40270105
10,8325961;-0,064749807;-0,012369657;-0,554191172
10,84945501;0,081853531;0,349404633;-0,583511829
10,86631459;0,150421143;0,362843275;-0,622606039
10,88317517;0,092848785;0,344517857;-0,64337486
10,9000348;0,023212196;0,320083976;-0,664143682
10,91689371;-0,01099525;0,400715798;-0,71056807
10,93375334;0,006108473;0,478904247;-0,735001981
10,95061387;-0,02443389;0,554649293;-0,738667071
10,96747355;-0,111174204;0,596186936;-0,735001981
10,98433246;-0,213796541;0,585191667;-0,721563339
11,00119209;-0,27976805;0,476460874;-0,704459608
11,01805262;-0,318862259;0,335965991;-0,697129428
11,0349123;-0,334744304;0,175771296;-0,71423316
11,05177121;-0,334744304;-0,001374406;-0,71056807
11,06863084;-0,365286648;-0,173633337;-0,645818293
11,08549136;-0,447140187;-0,372769535;-0,54441762
11,10235105;-0,535102189;-0,547471881;-0,455233932
11,11920996;-0,494786292;-0,630547106;-0,355054975
11,13606959;-0,27976805;-0,557245433;-0,227998734
11,15293012;-0,120947756;-0,592674553;0,009009997
11,1697898;-0,317640573;-0,454623073;0,209367901
11,18664871;-0,527772009;-0,24326992;0,39017868
11,20350834;-0,427593082;0,194096714;0,53556031
11,22036886;-0,189362645;0,500894725;0,645512819
11,23722855;-0,019547112;0,62306422;0,727366388
11,25408746;0,217614338;0,944369853;0,702932477
11,27094709;0,504712522;1,403727055;0,684607089
11,28780762;0,683079958;1,69571197;0,701710761
11,3046673;0,785702288;1,771457076;0,860683799
11,32152621;0,898098171;1,891183138;1,112352848
11,33838584;0,967734754;2,042673349;1,375017166
11,35524636;1,087460876;2,004800797;1,732973695
11,37210605;1,230399132;2,081767559;2,165453434
11,38896496;1,438087106;2,598544121;2,476985693
11,40582459;1,348903418;2,615648031;2,375585079
11,42268512;1,023932695;2,059777021;1,26750803
11,4395448;0,750273168;0,613290668;0,114075728
11,45640371;1,111894727;0,604738772;-0,511431873
11,47326334;1,582247138;1,294996142;-0,81685549
11,49012386;2,365353346;1,820324779;-1,006218195
11,50698355;3,020181656;2,140408754;-1,10028863
11,52384246;2,706206083;2,174616337;-0,8840487
11,54070209;1,742289066;2,426285267;-0,747218907
11,55756262;0,570684075;2,679176092;-0,585955262
11,5744223;-0,345739543;2,41406846;-0,443016976
11,59128121;-0,605960488;2,289455414;-0,483332902
11,60814084;-0,057419643;2,352983713;-0,64337486
11,62500137;0,854117155;1,97181499;-0,787534833
11,64186105;1,460077643;1,268118858;-0,890157163
11,65871996;1,49306345;0,751342118;-0,913369358
11,67557959;1,102121115;0,750120461;-0,935359836
11,69244012;0,545028448;0,802653313;-0,91947782
11,7092998;0,144312665;0,752563834;-0,896265626
11,72615871;-0,21257484;0,665823519;-0,912147641
11,74301834;-0,66215843;0,673153698;-0,892600536
11,75987886;-1,171604991;1,021336675;-0,803416848
11,77673739;-1,211920977;1,959598064;-0,744775534
11,7935963;-1,059209108;2,739039183;-0,638488114
11,81045593;-1,119072199;3,43051815;-0,440573573
11,82731645;-0,957808495;3,820238829;-0,063069977
11,84417614;-0,108730815;2,638860226;0,222806543
11,86103505;0,840678513;0,744011939;0,406060726
11,87789468;1,322026134;0,231969252;0,456150204
11,89475525;1,396549582;0,4459185;0,105523862
11,91161494;1,389219403;0,273659587;-0,085060477
11,92847385;1,508945465;-0,364217669;-0,238993987
11,94533348;0,87366432;-1,471072912;-0,301300407
11,962194;-0,10628742;-0,123543859;-0,179130957
11,97905369;-0,349404633;2,229592562;-0,016645588
11,9959126;-0,284654826;2,687727928;0,311990231
12,01277223;-0,102622338;1,9681499;0,106745556
12,02963275;0,413085461;1,24612844;-0,539530814
12,04649244;1,231620789;1,331647038;-1,261552334
12,06335135;1,770388126;1,863084197;-1,750230074
12,08021098;1,63844502;1,794669271;-1,631725788
12,0970715;0,826018214;1,553995371;-1,118614078
12,11393119;0,090405397;1,48680222;-1,042868972
12,1307901;0,058641337;0,375060231;-1,295759797
12,14764973;-0,050089475;-0,800362647;-1,351957679
12,16451031;-0,548540831;-1,557813168;-1,243226886
12,18136999;-1,090973258;-1,782605052;-1,188250661
12,1982289;-1,379293084;-1,334243178;-1,176033735
12,21508854;-1,270562291;-0,680636585;-1,094180107
12,23194906;-0,755007207;-0,165081471;-1,046534061
12,24880874;-0,293206692;-0,009926268;-1,06119442
12,26566765;-0,184475869;0,144007236;-0,951241911
12,28252791;-0,278546363;0,272437871;-0,8840487
12,29938843;-0,437366635;0,509446621;-0,841289401
12,31624812;-0,55220592;0,827087164;-0,844954491
12,33310702;-0,560757756;0,834417343;-0,777761281
12,34996671;-0,48501271;0,869846523;-0,728893518
12,36682723;-0,38605547;1,017671585;-0,756992459
12,38368692;-0,304201931;1,07264781;-0,78509146
12,40054583;-0,313975483;0,841747522;-0,843732774
12,41740546;-0,367730051;0,420262903;-0,881605327
12,43426598;-0,412932754;0,04871507;-0,8559497
12,45112567;-0,442253411;-0,270147204;-0,722784996
12,46798458;-0,433701545;-0,499825776;-0,538309157
12,48484421;-0,367730051;-0,535254896;-0,240215689
12,50170473;-0,277324647;-0,343448877;0,138509616
12,51856447;-0,266329408;-0,082006246;0,420721054
12,53542338;-0,324970752;0,212422133;0,607640326
12,55228301;-0,233343646;0,583969951;0,713927746
12,56914353;-0,018325418;0,827087164;0,800820768
12,58600322;0,249378398;0,904053927;0,819146156
12,60286213;0,598783016;1,10441184;0,771347404
12,61972176;0,906650066;1,590646267;0,808150947
12,63658228;1,139993668;1,87285769;1,017060637
12,65344197;1,226734042;1,800777674;1,373795509
12,67030093;1,270714998;1,725032687;1,794058442
12,68716057;1,441752195;1,791004181;2,192330837
12,70402109;1,566365123;2,32610631;2,461103678
12,72088077;1,793600321;3,131202936;2,254637241
12,73773968;1,59568572;2,807454109;1,412889719
12,75459932;1,300035715;2,091541052;0,428051204
12,77145984;1,346460104;2,012130976;-0,12659809
12,78831958;1,750840902;2,006022453;-0,270758033
12,80517848;2,733083248;2,280903578;-0,67513895
12,82203812;3,205879211;2,273573399;-0,792421579
12,83889864;2,816158533;2,206380367;-0,571294904
12,85575833;1,956085682;2,345653534;-0,276866525
12,87261723;0,791810751;2,714605331;0,473253906
12,88947687;0,174855024;1,792225838;0,501352906
12,90633744;0,648872495;0,76111567;0,502574563
12,92319713;1,759392858;0,073148958;0,379183441
12,94005603;2,160108566;-0,398425132;0,082311668
12,95691567;2,202867985;-0,024586603;0,173938751
12,97377619;2,012283564;0,759894013;0,136066228
12,99063588;1,927986622;1,251015186;0,000458135
13,00749478;1,874232054;1,304769754;0,07009472
13,02435447;1,739845753;0,984685779;0,33031565
13,04121499;1,427091956;0,620620787;0,430494607
13,05807468;0,934749007;0,566866279;0,487914234
13,07493359;0,705070436;0,711026192;0,423164427
13,09179322;0,828461587;0,895502091;0,244797036
13,1086538;1,087460876;0,853964448;0,040774055
13,12551348;1,264606595;0,558314383;-0,195012987
13,14237239;1,335464835;0,373838514;-0,443016976
13,15923202;1,153432369;0,415376127;-0,622606039
13,17609254;0,821131408;0,582748294;-0,721563339
13,19295223;0,514486074;0,720799744;-0,805860221
13,20981119;0,220057726;0,83197397;-0,968345642
13,22667083;0,080631837;1,038440347;-1,059972763
13,24353135;0,38498649;1,127624035;-0,802195191
13,26039103;0,813801289;1,11174202;-0,446682066
13,27724994;0,488830507;0,813648522;-0,454012215
13,29410963;-0,542432368;0,494786292;-0,446682066
13,31097015;-1,155722976;0,807540059;-0,772874475
13,32782984;-0,945591569;1,343863964;-0,85961479
13,34468874;-0,610847235;1,032331824;-0,99400121
13,36154838;-0,420262903;0,200205192;-1,198024154
13,37840895;-0,294428378;-0,319014967;-1,381278396
13,39526864;-0,151490122;-0,554802001;-1,513221383
13,41212754;-0,235787049;-0,1797418;-1,602405071
13,42898718;-0,31153211;0,370173425;-1,559645772
13,4458477;-0,254112452;0,34696123;-1,410598993
13,46270744;-0,233343646;0,317640573;-1,281099439
13,47956635;-0,179589093;0,082922518;-1,229788303
13,49642598;-0,167372152;-0,237161443;-1,255443811
13,5132865;-0,344517857;-0,397203416;-1,299424887
13,53014619;-0,61939913;-0,356887519;-1,253000498
13,54700515;-0,713469625;-0,391094953;-1,10028863
13,56386478;-0,531437099;-0,602448106;-1,069746256
13,5807253;-0,455692053;-0,725839257;-1,074633002
13,59758499;-0,691479087;-0,757603288;-1,004996419
13,61444395;-0,83563906;-1,191304922;-0,914591074
13,63130359;-0,910162389;-1,661657214;-0,837624311
13,64816411;-0,858851254;-2,575484753;-0,979340851
13,6650238;-1,231468081;-3,326826811;-0,934138179
13,6818827;-1,789782524;-3,42944932;-0,74966228
13,69874239;-1,015228152;-1,926764965;-0,849841237
13,71560291;-0,337187678;-1,477181435;-0,858393133
13,7324626;0,023212196;-1,755727768;-0,742332161
13,7493215;0,040315919;-1,767944694;-0,516318619
13,76618119;-0,130721316;-1,629893184;-0,410031229
13,78304171;-0,205244675;-1,516275644;-0,280531615
13,7999014;-0,119726062;-1,401436329;-0,210895017
13,81676036;-0,02687728;-1,273158431;-0,213338405
13,83361999;-0,043981001;-1,221847177;-0,251210928
13,85048051;-0,150268421;-1,133885264;-0,273201436
13,8673402;-0,323749036;-0,882216156;-0,245102465
13,88419911;-0,502116442;-0,642764032;-0,133928254
13,9010588;-0,641389608;-0,472948492;-0,017867282
13,91791932;-0,739125192;-0,358109206;0,009009997
13,934779;-0,744011939;-0,315349907;-0,070400149
13,95163791;-0,679262161;-0,326345146;-0,175465882
13,9684976;-0,570531368;-0,441184431;-0,210895017
13,98535812;-0,491121203;-0,530368149;-0,220668569
14,0022178;-0,508224905;-0,485165447;-0,213338405
14,01907671;-0,541210651;-0,279920757;-0,175465882
14,0359364;-0,444696814;-0,039246935;-0,053296424
14,05279692;-0,422706306;0,229525864;0,202037737
14,06965661;-0,476460874;0,530215442;0,46470204
14,08651557;-0,410489351;0,833195686;0,647956252
14,1033752;-0,107509121;1,100746751;0,700489104
14,12023572;0,344670564;1,38784492;0,677276909
14,13709541;0,758825004;1,52589643;0,691937208
14,15395437;1,010494113;1,599198103;0,790894508
14,170814;1,188861489;1,742136359;0,969414592
14,18767452;1,366007209;1,866749167;1,16122067
14,20453426;1,550483108;1,888739705;1,382347345
14,22139317;1,660435557;1,692046881;1,673110604
14,23825281;1,519940734;1,648065925;1,781841397
14,25511333;1,331799746;1,845980406;1,268729806
14,27197307;1,249946237;1,672499776;0,413390875
14,28883197;1,317139387;1,221694469;0,147061482
14,30569161;1,364785433;1,518566251;0,377961755
14,32255218;1,235285878;1,4941324;0,87778753
14,33941187;0,966513097;0,740346849;1,123348117
14,35627077;1,081352353;0,096361153;1,101357579
14,37313046;1,213295341;0,549762547;1,217418551
14,38999098;1,111894727;0,877176642;1,251626015
14,40685067;0,899319887;0,822200418;1,309045672
14,42370963;0,868777514;0,703696013;1,367686987
14,44056926;1,170536041;0,464243919;1,27117312
14,45742978;1,375780702;0,233190939;1,024390817
14,47428952;1,302479029;0,335965991;0,907108188
14,49114843;1,066691995;0,61939913;0,893669546
14,50800807;0,79914093;0,824643791;0,865570545
14,52486864;0,608556569;0,772110939;0,743248403
14,54172833;0,512042701;0,598630309;0,564881027
14,55858723;0,403311908;0,287098199;0,357192934
14,57544687;0,239604831;0,027946262;0,144618094
14,59230744;0,064749807;-0,114992;-0,071621843
14,60916713;-0,120947756;-0,176076725;-0,274423122
14,62602609;-0,282211423;-0,1797418;-0,439351887
14,64288572;-0,351848006;-0,185850278;-0,543195903
14,65974624;-0,271216184;-0,108883523;-0,482111186
14,67660598;-0,046424393;0,016951011;-0,269536346
14,69346489;0,087962002;0,17088452;-0,037414394
14,71032452;-0,036650836;0,131790295;-0,020310672
14,7271851;-0,507003248;-0,002596101;-0,131484866
14,74404478;-1,149614573;-0,094223186;-0,414918006
14,76090369;-1,358524323;0,107356407;-0,658035219
14,77776338;-0,823422134;0,172106221;-0,826629043
14,7946239;-0,252890766;0,192875028;-0,991557837
14,81148364;-0,27610296;0,637724519;-1,030652046
14,82834254;-0,373838514;0,714691281;-1,055085897
14,84520218;-0,415376127;-0,178520113;-1,089293361
14,86206275;-0,504559815;-1,502836943;-1,044090629
14,87892244;-0,433701545;-1,98540628;-1,019656777
14,89578135;-0,339631081;-1,56392169;-1,042868972
14,91264103;-0,361621589;-0,879772782;-0,989114404
14,92950156;-0,381168693;-0,494938999;-0,908482611
14,94636124;-0,291984975;-0,24326992;-0,819298863
14,9632202;-0,277324647;-0,031916771;-0,716676533
14,98007984;-0,5167768;0,357956499;-0,639709771
14,99694041;-0,530215442;0,217308909;-0,719119906
15,0138001;-0,538767278;0,042606596;-0,827850759
15,030659;-0,667045236;-0,00503949;-0,769209385
15,04751869;-0,660936713;-0,483943731;-0,648261666
15,06437921;-0,625507593;-1,174201131;-0,621384382
15,0812389;-0,916270912;-1,545596242;-0,567629814
15,09809786;-1,229024649;-1,855906725;-0,392927498
15,11495749;-1,434269309;-2,216306686;-0,203564853
15,13181807;-1,716480851;-2,456980467;-0,267092973
15,14867775;-1,637070656;-2,620687485;-0,424691558
15,16553666;-0,759894013;-2,083141804;-0,739888728
15,18239635;-0,274881274;-1,895000935;-0,777761281
15,19925687;-0,180810794;-1,793600321;-0,71423316
15,21611661;-0,306645334;-1,706859946;-0,561521351
15,23297551;-0,299315155;-1,63477993;-0,39903596
15,24983515;-0,240673825;-1,572473526;-0,308630586
15,26669572;-0,114839286;-1,400214672;-0,257319421
15,28355541;-0,029320668;-1,29148376;-0,208451629
15,30041432;-0,037872531;-1,176644564;-0,113159455
15,317274;-0,059863031;-1,021489382;-0,034971006
15,33413452;-0,096513867;-0,907871723;-0,015423893
15,35099426;-0,160041988;-0,774707019;-0,028862532
15,36785317;-0,21257484;-0,508377612;-0,030084228
15,38471286;-0,273659587;-0,245713309;-0,045966256
15,40157338;-0,377503604;-0,08933641;-0,076508619
15,41843307;-0,52044189;-0,017256435;-0,102164201
15,43529202;-0,645054698;-0,006261184;-0,083838783
15,45215166;-0,687813997;-0,031916771;-0,04718795
15,46901218;-0,61939913;-0,117435388;-0,043522868
15,48587192;-0,574196398;-0,058794048;-0,098499119
15,50273083;-0,641389608;0,159889266;-0,082617089
15,51959051;-0,592521846;0,313975483;0,021226943
15,53645103;-0,572974742;0,475239158;0,186155707
15,55331077;-0,592521846;0,739125192;0,395065457
15,57016968;-0,425149679;1,117850542;0,594201684
15,58702932;0,029320668;1,426939249;0,733474851
15,60388989;0,626882017;1,514901161;0,773790777
15,62074958;1,058140159;1,556438804;0,81059432
15,63760853;1,307365894;1,5930897;0,866792262
15,65446817;1,495506763;1,608971715;0,927877009
15,67132874;1,52849257;1,705485582;1,05493319
15,68818843;1,52849257;1,645622492;1,251626015
15,70504734;1,610346079;1,442821264;1,428771734
15,72190702;1,681204319;1,656617761;1,470309377
15,73876754;1,598129153;1,949824452;0,962084413
15,75562728;1,52849257;1,816659689;0,241131961
15,77248619;1,427091956;1,365854502;0,142174706
15,78934588;1,307365894;1,199704051;0,380405128
15,8062064;1,186418056;0,885728538;0,679720283
15,82306609;1,041036487;0,420262903;0,795781255
15,83992504;1,22062552;0,403159201;0,992626786
15,85678468;1,205965161;0,855186164;1,158777237
15,87364525;1,021489382;1,026223421;1,202758312
15,89050494;0,978730023;0,492342889;1,239409089
15,9073639;1,271936655;0,103691325;1,219861984
15,92422353;1,510167122;0,172106221;1,061041713
15,94108406;1,495506763;0,437366635;0,825254619
15,9579438;1,292705536;0,822200418;0,757908762
15,9748027;0,983616769;1,064095974;0,824032962
15,99166239;0,667197943;1,07264781;0,820367873
16,00852291;0,479056954;0,965138674;0,745691776
16,02538265;0,450957984;0,632837772;0,575876236
16,04224156;0,358109206;0,342074454;0,32665056
16,05910124;0,174855024;0,214865521;0,08597675
16,07596176;0,009773556;0,128125206;-0,133928254
16,0928215;-0,114839286;0,051158458;-0,315960735
16,10968041;-0,265107721;0,014507622;-0,480889499
16,1265401;-0,367730051;-0,034360159;-0,625049472
16,14340062;-0,377503604;0,008399149;-0,68246913
16,16026036;-0,288319916;0,101247937;-0,565186441
16,17711926;-0,150268421;0,172106221;-0,359941751
16,1939789;-0,180810794;0,233190939;-0,176687568
16,21083947;-0,448361874;0,063375406;-0,147366896
16,22769916;-1,006676316;-0,094223186;-0,302522093
16,24455812;-1,329203606;-0,117435388;-0,524870515
16,26141775;-0,9345963;-0,009926268;-0,68246913
16,27827833;-0,309088707;0,35062632;-0,854728043
16,29513801;-0,107509121;0,680483818;-1,007439852
16,31199697;-0,065971501;0,425149679;-1,040425539
16,32885661;-0,045202699;-0,168746561;-1,129609346
16,34571718;-0,31153211;-0,995833755;-1,151599765
16,36257687;-0,539988995;-1,348903418;-1,062416077
16,37943583;-0,304201931;-1,021489382;-1,001331329
16,39629546;0,053754561;-0,534033239;-0,941468358
16,41315603;0,120947756;-0,157751307;-0,902374089
16,43001572;0;-0,045355409;-0,868166685
16,44687468;-0,127056226;-0,034360159;-0,807081938
16,46373432;-0,291984975;-0,166303173;-0,868166685
16,48059489;-0,640167952;-0,096666582;-0,936581552
16,49745458;-0,857629538;-0,160194695;-0,973232389
16,51431353;-1,012784719;-0,23105298;-0,892600536
16,53117317;-1,10441184;-0,62932539;-0,648261666
16,54803374;-0,990794241;-1,308587551;-0,430800021
16,56489343;-1,087308168;-1,585912228;-0,265871257
16,58175239;-1,299883008;-1,87545383;-0,157140464
16,59861202;-1,590646267;-2,230966806;-0,26098448
16,6154726;-1,803221107;-2,60847044;-0,353833288
16,63233228;-1,716480851;-2,861361265;-0,483332902
16,64919124;-0,814870238;-2,547385693;-0,694686055
16,66605088;-0,295650065;-2,118571043;-0,658035219
16,68291145;-0,087962002;-1,750840902;-0,560299635
16,69977114;-0,241895512;-1,7019732;-0,384375632
16,7166301;-0,373838514;-1,676317573;-0,217003495
16,73348973;-0,351848006;-1,571251869;-0,096055731
16,7503503;-0,164928764;-1,460077643;-0,034971006
16,76720999;-0,01099525;-1,306144118;-0,065513365
16,78406895;0,041537613;-1,236507535;-0,075286925
16,80092859;0,012216945;-1,07890892;-0,061848287
16,81778916;-0,009773556;-0,93352735;-0,034971006
16,83464885;-0,034207448;-0,720952451;-0,012980504
16,8515078;-0,098957255;-0,458288163;0,007788302
16,86836744;-0,241895512;-0,200510606;0,023670331
16,88522801;-0,458135456;0,009620844;0,031000499
16,9020877;-0,667045236;0,109799795;0,017561859
16,91894666;-0,809983492;0,07070557;-0,030084228
16,9358063;-0,829530597;0,009620844;-0,091168955
16,95266687;-0,751342118;-0,053907271;-0,176687568
16,96952656;-0,689035714;-0,095444888;-0,241437376
16,98638551;-0,635281146;0,076814041;-0,256097704
17,0032452;-0,510668337;0,285876513;-0,15836215
17,02010572;-0,345739543;0,515555084;0,063986249
17,03696546;-0,202801287;0,780662775;0,286334664
17,05382437;-0,119726062;1,087308168;0,426829517
17,07068406;-0,155155197;1,398840189;0,548998952
17,08754458;-0,061084725;1,478250384;0,690715551
17,10440432;0,498604089;1,382958174;0,81059432
17,12126322;1,170536041;1,439156175;0,825254619
17,13812291;1,46496439;1,540556788;0,809372604
17,15498343;1,590798974;1,711593986;0,890004456
17,17184317;1,657992125;1,903400064;1,098914266
17,18870208;1,673874259;1,919282079;1,343253136
17,20556176;1,527270913;1,676164865;1,433658481
17,22242228;1,282931924;1,52223134;1,223527074
17,23928202;1,251167893;1,269340634;0,701710761
17,25614098;1,224290609;1,17893517;0,198372647
17,27300062;1,18153131;1,351194143;0,189820781
17,28986119;1,190083146;1,804442763;0,590536594
17,30672088;1,081352353;1,406170368;1,158777237
17,32357984;0,93352735;0,342074454;1,169772506
17,34043947;0,971399844;-0,10521844;1,229635477
17,35730005;1,169314384;0,03771982;1,368908763
17,37415973;1,348903418;0,420262903;1,194206357
17,39101869;1,308587551;0,471574098;1,138008475
17,40787833;1,314695954;0,322527349;1,289498568
17,4247389;1,533379316;0,392163932;1,150225401
17,44159864;1,46496439;0,478904247;0,914438367
17,45845754;1,21696043;0,779441118;0,864348888
17,47531723;0,957961202;1,079977989;0,903443098
17,49217775;0,708735526;1,021336675;0,874122441
17,50903749;0,532811523;0,869846523;0,700489104
17,52589645;0,486387134;0,656049967;0,481805772
17,54275609;0,474170178;0,327414125;0,263122469
17,55961666;0,352000743;0,100026235;0,060321167
17,57647635;0,165081471;-0,001374406;-0,160805538
17,5933353;-0,0219905;-0,042912021;-0,369715303
17,61019494;-0,161263675;-0,07711947;-0,585955262
17,62705551;-0,18569757;-0,05635066;-0,711789787
17,64391525;-0,087962002;0,075592346;-0,699572802
17,66077416;0,012216945;0,274881274;-0,506545067
17,67763385;-0,109952509;0,408045977;-0,293970257
17,69449437;-0,470352382;0,477682561;-0,207229927
17,71135411;-0,952921748;0,323749036;-0,309852272
17,72821307;-1,14717114;0,008399149;-0,538309157
17,7450727;-0,822200418;0,219752297;-0,720341623
17,76193327;-0,37872529;0,69025743;-0,836402595
17,77879296;-0,249225676;0,774554312;-0,943911731
17,79565192;-0,252890766;0,282211423;-1,0257653
17,81251161;-0,322527349;-0,362995982;-1,113727212
17,82937213;-0,528993726;-0,891989708;-1,143047929
17,84623187;-0,493564576;-1,050809979;-1,084406614
17,86309077;-0,31153211;-0,686745048;-0,983005941
17,87995046;-0,223570094;-0,297024488;-0,85961479
17,89681103;-0,304201931;-0,21150586;-0,829072416
17,91367072;-0,362843275;-0,348335654;-0,835180938
17,93052968;-0,289541602;-0,389873266;-0,769209385
17,94738932;-0,199136213;-0,367882758;-0,697129428
17,96424989;-0,321305662;-0,358109206;-0,813190401
17,98110963;-0,711026192;-0,262817025;-0,885270417
17,99796853;-0,901610553;-0,518151164;-0,921921253
18,01482822;-0,962695301;-0,775928736;-1,017213345
18,03168874;-1,078756213;-0,879772782;-1,068524599
18,04854848;-1,163053155;-0,999498844;-1,002553105
18,06540739;-1,260788798;-0,610999942;-0,827850759
18,08226708;-1,114185452;-0,791810751;-0,559077978
18,09912765;-0,932152927;-1,190083146;-0,471115947
18,11598734;-1,056765795;-1,407544851;-0,541974247
18,1328463;-1,353637576;-1,486954927;-0,566408098
18,14970593;-1,374406338;-1,401436329;-0,698351145
18,1665665;-0,904053927;-1,096012712;-0,813190401
18,18342624;-0,38605547;-0,603669822;-0,726450086
18,20028515;-0,262664318;-0,315349907;-0,588398635
18,21714484;-0,368951738;-0,330010235;-0,493106455
18,23400536;-0,546097457;-0,205397397;-0,462564081
18,2508651;-0,648719788;-0,19562383;-0,436908513
18,26772406;-0,614512324;-0,111326911;-0,450347155
18,28458369;-0,531437099;-0,030695075;-0,500436604
18,30144426;-0,428814769;-0,063680828;-0,600615561
18,318304;-0,415376127;-0,085671328;-0,65070504
18,33516291;-0,508224905;0,031611346;-0,654370129
18,3520226;-0,645054698;0,152559102;-0,596950471
18,36888317;-0,80387497;0,289541602;-0,530978978
18,38574286;-0,954143405;0,426371396;-0,471115947
18,40260182;-0,976133943;0,572974742;-0,421026468
18,41946145;-0,853964448;0,703696013;-0,390484124
18,43632202;-0,593743563;0,664601803;-0,361163437
18,45318176;-0,364064962;0,55220592;-0,258541107
18,47004067;-0,267551094;0,290763289;-0,098499119
18,48690036;-0,271216184;-0,052685577;0,029778805
18,50376093;-0,204022989;-0,448514611;0,110410646
18,52062062;-0,155155197;-0,723395884;0,213032976
18,53747958;-0,081853531;-0,756381631;0,266787529
18,55433921;-0,007330167;-0,479056954;0,299773306
18,57119978;0,037872531;-0,019699825;0,381626815
18,58805952;0,070858285;0,327414125;0,506239653
18,60491843;0,084296919;0,58763504;0,619857252
18,62177812;0,173633337;0,667045236;0,710262656
18,63863869;0,312906504;0,708582819;0,764017224
18,65549838;0,518151164;0,816091955;0,746913493
18,67235734;0,70018369;0,915049195;0,748135209
18,68921697;0,740499616;1,046992183;0,855796993
18,70607755;0,718509078;1,32065177;1,102579355
18,72293728;0,596339643;1,497797489;1,404337883
18,73979619;0,582901001;1,714037418;1,571709991
18,75665588;0,703848779;2,070772171;1,827044129
18,77351645;1,005607247;2,670624256;2,287622929
18,79037614;1,356233597;2,63397336;2,705442429
18,8072351;1,392884493;1,980366826;2,326717138
18,82409478;1,085017443;0,923601031;0,573432863
18,8409553;1,034927964;0,659715056;-0,311073959
18,85781505;1,22062552;0,734238386;-0,36360684
18,874674;1,501615286;0,939483106;-0,374602079
18,89153364;1,896222591;1,176491857;-0,534644067
18,90839421;2,150335073;1,164274931;-0,695907712
18,92525395;1,775274873;1,385401607;-0,702016234
18,94211286;1,036149621;1,788560748;-0,727671802
18,95897254;0,205397397;2,080545664;-0,606724024
18,97583312;-0,293206692;2,451941013;-0,521205425
18,9926928;-0,152711809;2,769581556;-0,563964725
19,00955176;0,372769535;2,632751703;-0,621384382
19,02641145;0,953074455;2,019461155;-0,638488114
19,04327197;1,325691223;1,468476772;-0,673917234
19,06013171;1,38677597;1,211920977;-0,724006712
19,07699067;1,243837714;0,83563906;-0,724006712
19,0938503;1,103342891;0,656049967;-0,691020966
19,11071088;0,922532082;0,610847235;-0,662921965
19,12757062;0,630547106;0,439810038;-0,625049472
19,14442952;0,152864531;0,194096714;-0,532200694
19,16128921;-0,5167768;0,152559102;-0,383153945
19,17814978;-0,988350868;0,695144177;-0,285418391
19,19500947;-0,864959717;1,330425382;-0,348946482
19,21186843;-0,566866279;1,478250384;-0,422248155
19,22872812;-0,427593082;1,533226609;-0,499214917
19,24558869;-0,161263675;1,646844268;-0,562743008
19,26244838;0,453401387;1,508792758;-0,396592587
19,27930734;1,092347622;1,474585295;-0,227998734
19,29616702;1,408766508;1,440377831;-0,26098448
19,31302754;1,361120462;1,109298587;-0,152253673
19,32988728;1,097234368;0,470352382;-0,306187183
19,34674624;0,94452256;0,107356407;-0,210895017
19,36360588;0,535254896;0,035276428;-0,182796046
19,38046645;-0,189362645;0,651163161;-0,308630586
19,39732619;-0,354291409;1,826433301;-0,223111957
19,4141851;-0,229678571;2,14529562;-0,02519745
19,43104478;-0,179589093;1,648065925;0,385291904
19,44790536;-0,078188449;1,031110168;0,684607089
19,4647651;0,174855024;0,203870267;0,066429637
19,481624;0,512042701;0,004734066;-0,822963953
19,49848369;0,818688035;0,52410692;-1,595074892
19,51534426;0,474170178;0,62306422;-1,420372605
19,53220395;-0,657271624;0,696365893;-0,791199923
19,54906291;-1,086086392;0,939483106;-0,541974247
19,5659226;-0,59496522;1,120293856;-0,524870515
19,58278317;0,304354638;1,136175871;-1,042868972
19,59964286;1,229177356;0,719578087;-1,597518325
19,61650182;1,424648523;-0,552358627;-1,846743941
19,6333615;0,923753738;-1,765501261;-1,828418612
19,65022202;-0,131943002;-2,441098452;-1,33729732
19,66708176;-0,87106818;-1,764279604;-0,665365398
19,68394072;-1,116628766;-0,736834526;-0,129041478
19,70080041;-1,219251156;-0,330010235;0,144618094
19,71766093;-0,974912226;-0,496160686;-0,021532366
19,73452067;-0,103844032;-0,463174939;-0,541974247
19,75137963;0,229831278;0,052380152;-0,661700308
19,76823926;0,032985751;0,225860775;-0,777761281
19,78509984;-0,384833783;0,258846521;-0,851062954
19,80195958;-0,59130013;0,372616828;-0,890157163
19,81881853;-0,55220592;0,460578829;-0,941468358
19,83567817;-0,476460874;0,4886778;-1,002553105
19,85253874;-0,44958359;0,475239158;-1,0257653
19,86939848;-0,434923261;0,467909008;-1,034317136
19,88625744;-0,399494112;0,436144948;-1,017213345
19,90311708;-0,335965991;0,464243919;-0,965902209
19,91997765;-0,285876513;0,514333367;-0,895043969
19,93683739;-0,235787049;0,608403862;-0,802195191
19,9536963;-0,166150451;0,59496522;-0,67513895
19,97055598;-0,120947756;0,575418115;-0,488219678
19,98741656;-0,105065726;0,515555084;-0,262206197
20,0042763;-0,117282674;0,491121203;0,002901525
20,02113525;-0,15393351;0,387277156;0,2948865
20,03799489;-0,118504368;0,263733298;0,516013205
20,05485546;-0,020768806;0,296871781;0,63451761
20,0717152;0,072079979;0,375060231;0,733474851
20,08857411;0,140647575;0,535102189;0,879009187
20,1054338;0,19928892;0,773332655;1,003622055
20,12229437;0,267703801;0,959030211;1,109909415
20,13915411;0,341005474;1,240019917;1,280946732
20,15601307;0,441184431;1,651731014;1,550941229
20,1728727;0,545028448;1,925390601;1,91867125
20,18973327;0,652537584;1,858197331;2,380471706
20,20659301;0,856560588;1,572320819;2,89969182
20,22345192;0,992168665;1,326760292;3,41280365
20,24031161;0,244491622;0,609625578;2,841050625
20,25717218;-0,684148908;-1,408766508;1,322484374
20,27403192;-0,199136213;-1,411209822;-0,055739813
20,29089088;1,28048861;0,571753025;-0,898709059
20,30775051;2,364131689;1,556438804;-1,253000498
20,32461109;3,738538027;2,029234648;-1,491230845
20,34147083;4,500875473;2,064663649;-1,13205266
20,35832978;3,418453932;1,059209108;-0,565186441
20,37518947;1,825364351;2,266243219;-0,543195903
20,39204999;0,370326161;3,093330622;-0,769209385
20,40890973;-0,476460874;2,543567896;-0,738667071
20,42576869;-0,781884491;1,984031916;-0,730115175
20,44262838;-0,536323905;1,988918662;-0,798530102
20,45948895;0,078188449;1,979145169;-0,964680553
20,47634864;0,849230409;1,729919434;-1,074633002
20,4932076;1,325691223;1,478250384;-1,130831003
20,51006728;1,403879762;1,712815762;-1,272547603
20,52692786;1,209630251;1,913173556;-1,389830232
20,54378754;1,006829023;2,026791096;-1,358066201
20,5606465;0,837013483;2,087875843;-1,345849276
20,57750619;0,600004733;2,070772171;-1,38005662
20,59436676;0,266482115;1,905843496;-1,268882513
20,6112265;-0,206466377;1,652952671;-1,097845197
20,62808541;-0,894280374;1,538113356;-0,767987728
20,6449451;-1,332868695;1,93272078;-0,526092231
20,66180567;-1,280335903;2,175837994;-0,452790529
20,67866541;-1,077534556;2,097649574;-0,429578334
20,69552437;-0,616955757;1,94005084;-0,46989426
20,71238406;0,187071979;1,500240922;-0,507766783
20,72924458;1,144880533;1,04821384;-0,476002723
20,74610432;1,797265291;0,459357142;-0,523648799
20,76296327;2,036717415;0,291984975;-0,662921965
20,77982296;1,959750772;0,946813226;-0,659256876
20,79668353;1,656770468;1,883852959;-0,639709771
20,81354322;1,367228866;2,146517277;-0,541974247
20,83040218;1,010494113;1,648065925;-0,570073187
20,84726187;0,361774296;1,087308168;-0,776539564
20,86412244;-0,11606098;1,573542595;-1,006218195
20,88098218;-0,18569757;2,274795294;-0,888935447
20,89784109;-0,062306419;2,638860226;-0,601837277
20,91470077;-0,206466377;2,527685881;-0,309852272
20,93156135;-0,190584347;2,175837994;0,083533362
20,94842109;0,064749807;1,676164865;-0,12659809
20,96528004;0,02443389;0,430036485;-0,614054203
20,98213973;0;0,580304921;-0,799751759
20,99900025;0,114839286;1,27789247;-0,931694806
21,01585999;0,275033981;1,294996142;-1,113727212
21,03271895;0,178520113;1,181378603;-0,975675762
21,04957864;-0,140494868;1,176491857;-0,467450857
21,06643921;-0,235787049;1,172826767;-0,254876018
21,08329895;0,046424393;1,158166409;-0,474781036
21,10015786;0,513264418;0,759894013;-0,99400121
21,11701755;0,987281859;-0,960404575;-1,399603724
21,13387812;0,686745048;-2,734305143;-1,411820769
21,15073786;-0,342074454;-2,536390543;-1,416707516
21,16759682;-1,222916245;-1,52482748;-1,194359064
21,1844565;-1,305991411;-0,769820273;-0,984227657
21,20131708;-0,560757756;-0,261595339;-0,645818293
21,21817676;0,207840785;-0,143090963;-0,462564081
21,23503572;0,415528834;-0,343448877;-0,429578334
21,25189541;0,178520113;-0,592674553;-0,452790529
21,26875598;-0,196692824;-0,90909344;-0,435686797
21,28561572;-0,408045977;-1,04714489;-0,422248155
21,30247468;-0,299315155;-0,913980186;-0,474781036
21,31933432;-0,012216945;-1,088682532;-0,654370129
21,33619489;0,200510606;-1,496728539;-0,725228429
21,35305463;0,297024488;-1,888892412;-0,805860221
21,36991359;0,255486876;-1,870566964;-0,838846028
21,38677327;0,184628591;-1,671430826;-0,755770743
21,40363385;0,096513867;-1,49306345;-0,535865784
21,42049353;-0,040315919;-1,414874911;-0,220668569
21,43735249;-0,177145705;-1,188861489;0,066429637
21,45421218;-0,18569757;-1,150988936;0,187377393
21,47107275;-0,095292173;-1,22062552;0,147061482
21,48793249;-0,020768806;-1,254832983;0,032222193
21,50479145;-0,023212196;-1,087460876;-0,082617089
21,52165114;-0,144159958;-0,801584303;-0,153475374
21,53851171;-0,359178186;-0,613443375;-0,152253673
21,5553714;-0,602295399;-0,501047492;-0,049631339
21,57223036;-0,750120461;-0,397203416;0,125070974
21,58909005;-0,714691281;-0,441184431;0,2948865
21,60595062;-0,514333367;-0,421637327;0,349862754
21,62281036;-0,34696123;-0,289694309;0,286334664
21,63966932;-0,149046734;-0,152864531;0,253348887
21,656529;0,102622338;0,19043164;0,283891261
21,67338952;0,348335654;0,52044189;0,311990231
21,69024926;0,461953253;1,000567794;0,33031565
21,70710822;0,443627834;1,293774486;0,386513591
21,72396791;0,515707791;1,374406338;0,639404357
21,74082848;0,878551066;1,341420531;1,029277682
21,75768822;1,322026134;1,414722204;1,412889719
21,77454718;1,851019859;1,90828681;1,615690947
21,79140687;1,98174119;2,222262383;1,807497025
21,80826739;1,611567736;1,76290524;1,566823244
21,82512713;1,257276416;1,743358135;1,057376623
21,84198609;1,020267606;1,822768211;0,351084471
21,85884577;1,227955699;1,838650227;-0,121711314
21,87570635;1,852241635;1,58942461;-0,210895017
21,89256609;2,246848822;1,375627995;-0,206008241
21,90942505;2,069703341;1,282779217;-0,224333659
21,92628473;1,677539229;1,24246335;0,109188944
21,9431453;1,201078415;1,349972486;0,509904742
21,96000505;0,822353125;1,150836229;0,738361597
21,97686395;0,543806791;1,155722976;0,941315651
21,99372364;0,780815482;1,025001645;1,252847672
22,01058421;1,387997627;0,326192439;1,172215939
22,02744395;1,777718186;-0,040468629;0,882674277
22,04430291;1,706859946;0,219752297;0,815481067
22,0611626;1,42587018;0,547319174;0,835028231
22,07802317;1,231620789;0,891837001;0,863127172
22,09488291;1,087460876;1,099525094;0,915660024
22,11174187;0,915201902;1,141062737;0,922990203
22,12860156;0,722174168;1,159388065;0,84968853
22,14546208;0,617108464;1,055544019;0,733474851
22,16232182;0,623216927;0,753785491;0,579541326
22,17918077;0,642764032;0,525328636;0,42927292
22,19604046;0,573127449;0,381168693;0,28755635
22,21290103;0,448514611;0,390942246;0,127514362
22,22976077;0,386208177;0,284654826;-0,039857782
22,24661973;0,338562101;0,159889266;-0,212116703
22,26347942;0,198067218;0,052380152;-0,379488856
22,28033999;0,034207448;-0,006261184;-0,550526083
22,29719973;-0,174702317;0,063375406;-0,743553817
22,31405869;-0,421484619;0,261289924;-0,956128657
22,33091838;-0,58763504;0,45324868;-1,077076435
22,34777895;-0,588856757;0,87106818;-0,873053432
22,36463869;-0,433701545;1,611415029;-0,384375632
22,3814976;-0,3151972;0,889393628;-0,284196675
22,39835728;-0,428814769;-0,398425132;-0,231663823
22,41521786;-0,758672297;-0,880994439;-0,397814274
22,4320776;-0,907719016;-0,652537584;-0,549304426
22,44893656;-0,838082433;-0,430189192;-0,748440623
22,46579624;-0,559536099;-0,332453609;-0,987892747
22,48265682;-0,340852767;0,069483876;-0,893822253
22,49951656;-0,360399872;0,195318416;-0,689799249
22,51637551;-0,393385649;0,042606596;-0,587176919
22,5332352;-0,320083976;-0,106440134;-0,618941009
22,55009577;-0,166150451;-0,251821786;-0,649483323
22,56695551;0,081853531;-0,548693538;-0,699572802
22,58381447;0,443627834;-0,967734754;-0,890157163
22,60067416;0,557245433;-0,94452256;-1,05752933
22,61753473;0,266482115;-0,709957242;-0,91947782
22,63439447;-0,318862259;-0,711178899;-0,813190401
22,65125338;-0,812426865;-0,66475451;-0,764322639
22,66811312;-0,977355599;-0,648872495;-0,660478592
22,68497364;-1,097081661;-0,598783016;-0,506545067
22,70183338;-1,318208337;-0,492495596;-0,43446511
22,71869234;-1,363411069;-0,597561359;-0,401479363
22,73555202;-1,238798261;-1,031262875;-0,462564081
22,7524126;-1,209477544;-1,491841674;-0,555412889
22,76927234;-1,446486354;-1,766723037;-0,653148413
22,7861313;-1,740914702;-2,023278952;-0,745997191
22,80299098;-1,892404795;-2,406890869;-0,688577592
22,81985156;-1,34875071;-1,995179892;-0,711789787
22,8367113;-0,713469625;-2,003731728;-0,782648027
22,85357025;-0,381168693;-1,703194857;-0,730115175
22,87042994;-0,38239038;-1,38677597;-0,628714562
22,88729051;-0,442253411;-1,304922462;-0,513875246
22,90415025;-0,421484619;-1,263384819;-0,368493617
22,92100921;-0,277324647;-1,282931924;-0,214560106
22,9378689;-0,155155197;-1,209630251;-0,180352658
22,95472947;-0,119726062;-1,105786204;-0,160805538
22,97158921;-0,127056226;-0,948187649;-0,121711314
22,98844817;-0,150268421;-0,707513809;-0,099720813
23,00530786;-0,175924003;-0,547471881;-0,072843537
23,02216843;-0,243117213;-0,410642058;-0,050853033
23,03902817;-0,351848006;-0,257930249;-0,050853033
23,05588713;-0,48501271;-0,136982501;-0,089947261
23,07274682;-0,627950966;-0,103996746;-0,12048962
23,08960734;-0,746455371;-0,110105217;-0,113159455
23,10646708;-0,748898745;-0,05635066;-0,099720813
23,12332609;-0,671931982;-0,049020492;-0,10460759
23,14018572;-0,763559103;0,097582847;-0,113159455
23,15704635;-0,864959717;0,251516372;0,038330667
23,17390603;-0,712247908;0,348182946;0,216698065
23,19076499;-0,536323905;0,579083204;0,351084471
23,20762468;-0,324970752;0,857629538;0,454928488
23,22448525;0,070858285;1,082421303;0,52823019
23,24134499;0,563353896;1,263232112;0,545333862
23,25820395;1,009272337;1,363411069;0,5673244
23,27506364;1,324469566;1,440377831;0,629630804
23,29192421;1,511388779;1,630962133;0,729809761
23,30878395;1,593242407;1,902178407;0,828919709
23,32564291;1,66287899;2,087875843;0,995070159
23,3425026;1,738623977;2,25524807;1,189319611
23,35936317;1,782605052;2,291898966;1,428771734
23,37622291;1,739845753;1,845980406;1,403116107
23,39308187;1,518718958;1,347529054;0,875344098
23,40994156;1,254832983;0,948034942;0,283891261
23,42680213;1,108229637;0,827087164;0,203259423
23,44366187;1,083795786;1,10441184;0,388956994
23,46052083;1,124111652;1,402505279;0,760352135
23,47738051;1,138772011;0,933374584;1,131899953
23,49424109;1,131441832;0,148894012;1,089140654
23,51110083;1,380667567;0,192875028;1,117239594
23,52795978;1,420983434;0,432479858;1,354248405
23,54481947;1,25238955;0,163554356;1,218640327
23,56168005;1,430757046;0,185544848;1,084253907
23,57853984;1,561478257;0,327414125;1,050046444
23,59539874;1,35501194;0,470352382;0,932763755
23,61225843;1,07157886;0,718356371;0,883895993
23,629119;0,805249393;0,959030211;0,922990203
23,6459788;0,585344374;0,989572585;0,892447829
23,66283775;0,450957984;0,820978701;0,746913493
23,67969744;0,398425132;0,575418115;0,558772504
23,69655801;0,348335654;0,34696123;0,357192934
23,71341775;0,223722816;0,245407879;0,175160453
23,73027671;0,048867781;0,191653326;-0,004428643
23,7471364;-0,089183703;0,140342161;-0,212116703
23,76399697;-0,183254182;0,041384902;-0,401479363
23,78085671;-0,238230437;-0,002596101;-0,551747799
23,79771567;-0,197914511;0,108578101;-0,548082709
23,81457536;-0,003665084;0,262511611;-0,397814274
23,83143593;0,076966755;0,387277156;-0,199899763
23,84829567;-0,107509121;0,338409394;-0,12659809
23,86515463;-0,528993726;0,103691325;-0,313517362
23,88201432;-1,216807723;0,098804541;-0,57251662
23,89887489;-1,275449038;0,421484619;-0,832737505
23,91573463;-0,503338158;1,046992183;-1,000109673
23,93259359;-0,114839286;1,444042921;-1,112505555
23,94945327;-0,199136213;1,502684236;-1,037982225
23,96631385;-0,243117213;1,164274931;-0,976897478
23,98317359;-0,14171657;0,163554356;-1,068524599
24,00003255;-0,273659587;-1,342795014;-1,240783453
24,01689223;-0,390942246;-1,948755503;-1,316528559
24,03375281;-0,11606098;-1,225512266;-1,378834963
24,05061255;0,279920757;-0,308019728;-1,403268814
24,0674715;0,422859013;0,05971032;-1,38005662
24,08433124;0,2506001;0,136677072;-1,251778722
24,10119182;-0,001221695;0,113464877;-1,059972763
24,11805156;-0,323749036;-0,08322794;-0,984227657
24,13491051;-0,671931982;-0,361774296;-0,934138179
24,1517702;-0,943148196;-0,389873266;-0,92314291
24,16863077;-0,923601031;-0,432632566;-0,846176148
24,18549051;-0,878398359;-0,646429122;-0,667808771
24,20234947;-0,912605822;-1,218182087;-0,47355935
24,21920916;-1,137397647;-1,767944694;-0,262206197
24,23606973;-1,577207565;-1,74106741;-0,223111957
24,25292947;-1,761683464;-1,793600321;-0,359941751
24,26978843;-1,744579792;-2,113684177;-0,548082709
24,28664812;-1,627297044;-2,454536915;-0,539530814
24,30350869;-0,86007297;-2,155221939;-0,609167457
24,32036848;-0,296871781;-1,671430826;-0,632379651
24,33722744;-0,16981554;-1,708081603;-0,637266398
24,35408713;-0,306645334;-1,535822749;-0,573738277
24,3709477;-0,373838514;-1,420983434;-0,381932259
24,38780744;-0,251669079;-1,297592282;-0,271979749
24,4046664;-0,090405397;-1,172979474;-0,229220435
24,42152609;-0,034207448;-1,045923233;-0,1937913
24,43838666;-0,030542362;-0,984838486;-0,191347897
24,4552464;-0,037872531;-0,878551066;-0,186461121
24,47210536;-0,036650836;-0,697740257;-0,14614521
24,48896504;-0,068414897;-0,493717283;-0,059404895
24,50582562;-0,197914511;-0,31412819;0,029778805
24,52268536;-0,44958359;-0,138204187;0,031000499
24,53954437;-0,645054698;-0,029473381;-0,019088976
24,55640406;-0,708582819;0,071927264;-0,027640838
24,57326463;-0,631616056;0,092696071;0,015118469
24,59012437;-0,574196398;0,173327908;0,046882529
24,60698333;-0,593743563;0,442253411;0,027335415
24,62384301;-0,665823519;0,979799032;0,122627586
24,64070359;-0,569309652;1,365854502;0,36207971
24,65756333;-0,340852767;1,48680222;0,683385372
24,67442228;0,057419643;1,469698548;0,942537308
24,69128197;0,554802001;1,365854502;1,047603011
24,70814254;0,950631023;1,304769754;1,006065488
24,72500228;1,131441832;1,406170368;0,872900724
24,74186124;1,213295341;1,517344594;0,699267387
24,75872098;1,263384819;1,527118206;0,627187431
24,77558156;1,254832983;1,408613801;0,672390103
24,7924413;1,159540772;1,369519591;0,684607089
24,80930025;1,17786622;1,484358788;0,712706029
24,82615994;1,336686492;1,5503304;0,617413878
24,84302051;1,495506763;1,409835458;0,33031565
24,85988025;1,451525807;1,296217918;0,162943512
24,87673921;1,345238328;1,321873426;0,3229855
24,8935989;1,155875683;1,425717473;0,678498566
24,91045952;0,835791767;1,255901933;1,080588818
24,92731926;0,709957242;0,667045236;1,225970507
24,94417822;0,986060202;0,045049984;1,128234863
24,96103791;1,35501194;0,145228937;1,194206357
24,97789848;1,485733271;0,324970752;1,233300567
24,99475822;1,45763433;0,113464877;1,172215939
25,01161718;1,496728539;-0,117435388;1,164885759
25,02847687;1,504058719;0,040163208;1,169772506
25,04533749;1,273158431;0,38605547;1,079367161
25,06219723;1,004385591;0,733016729;1,042716265
25,07905619;0,795475841;0,912605822;1,06226337
25,09591588;0,589009464;0,956586778;1,026834249
25,11277645;0,364217669;0,779441118;0,910773277
25,12963619;0,217614338;0,62306422;0,701710761
25,14649515;0,139425889;0,469130695;0,512348115
25,16335484;0,023212196;0,309088707;0,33031565
25,18021546;-0,080631837;0,095139459;0,096972004
25,1970752;-0,117282674;-0,27869907;-0,152253673
25,21393416;-0,127056226;-0,513264418;-0,380710542
25,23079385;-0,166150451;-0,543806791;-0,590842009
25,24765442;-0,24800399;-0,501047492;-0,725228429
25,26451416;-0,416597843;-0,362995982;-0,684912503
25,28137312;-0,454470366;0,026724568;-0,425913245
25,29823286;-0,489899516;0,657271624;-0,171800792
25,31509343;-0,770889223;0,664601803;-0,215781793
25,33195317;-1,000567794;0,153780803;-0,281753302
25,34881213;-0,989572585;-0,176076725;-0,490663052
25,36567182;-0,709804535;-0,200510606;-0,833959222
25,38253239;-0,332300901;-0,469283402;-1,246891975
25,39939213;-0,047646087;-0,601226389;-1,595074892
25,41625114;0,096513867;-0,255486876;-1,580414534
25,43311083;-0,002443389;0,0865876;-1,285986185
25,4499714;-0,322527349;-0,151642829;-0,985449314
25,46683114;-0,608403862;-0,899319887;-0,880383611
25,4836901;-0,695144177;-1,231620789;-0,829072416
25,50054978;-0,645054698;-1,064248681;-0,811968744
25,51741041;-0,379947007;-0,800362647;-0,851062954
25,53427015;-0,073301673;-0,698961973;-0,862058222
25,55112911;-0,155155197;-0,436297655;-0,819298863
25,5679888;-0,624285877;-0,108883523;-0,725228429
25,58484937;-1,10807693;0,04871507;-0,588398635
25,60170911;-1,211920977;-0,505934238;-0,518762052
25,61856812;-1,081199646;-1,334243178;-0,585955262
25,63542781;-1,259567022;-1,534600973;-0,574959993
25,65228838;-1,578429341;-1,556591511;-0,449125439
25,66914812;-1,784895658;-1,797265291;-0,342838019
25,68600708;-1,79833436;-2,150335073;-0,333064467
25,70286676;-1,678608298;-2,332367659;-0,290305167
25,71972739;-0,996902704;-2,452093601;-0,287861764
25,73658713;-0,460578829;-2,138118029;-0,336729556
25,75344609;-0,147825033;-1,941425323;-0,4381302
25,77030577;-0,215018243;-2,003731728;-0,309852272
25,78716635;-0,287098199;-1,77283144;-0,1937913
25,80402609;-0,208909765;-1,631114841;-0,067956761
25,8208851;-0,081853531;-1,42587018;0,031000499
25,83774478;0,01099525;-1,190083146;0,055434387
25,85460536;0,036650836;-0,994612038;0,01267508
25,8714651;0,051311169;-0,758825004;0,009009997
25,88832406;0,087962002;-0,494938999;0,049325917
25,90518374;0,067193195;-0,311684817;0,096972004
25,92204437;0,004886778;-0,150421143;0,11774081
25,93890411;-0,047646087;-0,00503949;0,103080474
25,95576307;-0,084296919;0,107356407;0,076203197
25,97262275;-0,13805148;0,195318416;0,054212693
25,98948333;-0,201579601;0,267398387;0,049325917
26,00634312;-0,288319916;0,161110967;0,015118469
26,02320208;-0,381168693;-0,002596101;-0,086282179
26,04006176;-0,487456113;0,001068983;-0,225555345
26,05692234;-0,560757756;0,104913019;-0,312295675
26,07378208;-0,5167768;0,201426879;-0,333064467
26,09064103;-0,521663547;0,483791024;-0,243880764
26,10750077;-0,544875741;0,632837772;-0,096055731
26,12436135;-0,560757756;0,847855985;0,074981503
26,14122109;-0,559536099;0,960251868;0,281447887
26,15808005;-0,526550353;0,819757044;0,430494607
26,17493978;-0,333522618;0,72935164;0,495244414
26,19180036;0,009773556;0,911384106;0,508683026
26,2086601;0,551136911;0,879620075;0,456150204
26,22551906;0,967734754;0,779441118;0,421942741
26,24237874;1,067913771;0,798988223;0,479362398
26,25923937;1,056918502;1,043327093;0,534338653
26,27609911;1,037371397;1,299883008;0,617413878
26,29295807;1,064248681;1,297439575;0,837471604
26,30981775;1,229177356;1,095860004;1,083032131
26,32667833;1,556591511;1,100746751;1,1929847
26,34353812;1,87545383;1,197260618;1,015838981
26,36039708;1,766723037;0,922379375;0,588093221
26,37725676;1,236507535;0,470352382;0,382848531
26,39411734;0,537698329;-0,095444888;0,8179245
26,41097713;0,276255667;-0,162638083;1,333479524
26,42783609;0,568240643;-0,343448877;1,353026628
26,44469577;1,246281147;-0,345892251;1,329814434
26,46155635;1,998844981;0,52044189;1,069593549
26,47841614;1,830251098;0,646276414;1,293163657
26,4952751;1,39410615;0,398272425;1,532615781
26,51213478;1,236507535;0,322527349;1,587592006
26,52899536;1,121668339;0,438588321;1,50451684
26,5458551;1,153432369;0,643832982;1,307824016
26,56271411;1,124111652;0,733016729;1,19664979
26,5795738;0,921310365;0,878398359;1,114796281
26,59643437;0,750273168;0,878398359;1,045159698
26,61329411;0,659867764;0,667045236;0,924211919
26,63015312;0,527924717;0,477682561;0,715149403
26,64701281;0,355665803;0,38239038;0,481805772
26,66387338;0,176076725;0,362843275;0,23991026
26,68073312;0,020768806;0,255181432;0,006566608
26,69759213;-0,174702317;0,144007236;-0,219446883
26,71445182;-0,376281917;0,101247937;-0,458898991
26,73131239;-0,547319174;0,093917765;-0,68613416
26,74817213;-0,621842504;0,115908265;-0,832737505
26,76503114;-0,536323905;0,264954984;-0,74966228
26,78189083;-0,454470366;0,564422846;-0,489441365
26,7987514;-0,542432368;0,4459185;-0,476002723
26,81561114;-0,751342118;-0,118657082;-0,661700308
26,83247015;-1,10441184;-0,508377612;-0,780204654
26,84932984;-0,884506822;-0,334897012;-0,843732774
26,86619041;-0,1575986;-0,352000743;-1,210241079
26,88305015;0,113617592;-0,022143213;-1,51444304
26,89990916;-0,01343864;0,290763289;-1,533990145
26,91676885;-0,475239158;0,338409394;-1,382500052
26,93362942;-0,757450581;-0,454623073;-1,129609346
26,95048921;-0,550984204;-1,169314384;-1,091736794
26,96734817;-0,191806033;-1,147323847;-1,134496093
26,98420786;-0,058641337;-0,492495596;-1,188250661
27,00106843;-0,025655584;-0,055128966;-1,118614078
27,01792822;-0,109952509;-0,119878776;-0,915812731
27,03478718;-0,550984204;-0,07345438;-0,704459608
27,05164687;-0,998124421;-0,419193924;-0,581068456
27,06850744;-1,237576604;-0,757603288;-0,71789825
27,08536723;-1,41960907;-0,680636585;-0,904817522
27,10222619;-1,626075387;-0,623216927;-0,907260895
27,11908588;-1,687160134;-0,844343603;-0,815633774
27,1359465;-1,626075387;-1,224290609;-0,693464339
27,15280624;-1,62485373;-1,546818018;-0,389262408
27,1696652;-1,539335132;-1,728850484;-0,392927498
27,18652489;-1,330425382;-1,521162391;-0,485776275
27,20338551;-0,707361102;-1,325691223;-0,552969456
27,22024525;-0,280989736;-1,091125965;-0,551747799
27,23710421;-0,188140959;-0,929862261;-0,577403367
27,25396395;-0,306645334;-0,665976226;-0,556634545
27,27082452;-0,426371396;-0,160194695;-0,50532341
27,28768426;-0,497229666;-0,570684075;-0,451568842
27,30454322;-0,585191667;-0,319014967;-0,452790529
27,32140296;-0,566866279;-0,049020492;-0,440573573
27,33826353;-0,439810038;0,068262182;-0,4381302
27,35512327;-0,366508365;0,15500249;-0,44179529
27,37198223;-0,35062632;0,198983491;-0,412474603
27,38884197;-0,357956499;0,280989736;-0,366050214
27,40570255;-0,379947007;0,331079215;-0,320847511
27,42256228;-0,437366635;0,393385649;-0,329399377
27,4394213;-0,483791024;0,452026963;-0,377045482
27,45628098;-0,52044189;0,475239158;-0,432021737
27,47314156;-0,579083204;0,441031724;-0,462564081
27,49000135;-0,642611325;0,365286648;-0,511431873
27,50686031;-0,680483818;0,278546363;-0,557856262
27,52371999;-0,670710266;0,239299417;-0,549304426
27,54058062;-0,593743563;0,180658072;-0,524870515
27,55744036;-0,408045977;0,169662833;-0,478446126
27,57429932;-0,140494868;0,256403148;-0,309852272
27,59115906;-0,064749807;0,152559102;-0,042301174
27,60801963;-0,202801287;-0,042912021;0,159278423
27,62487937;-0,261442632;0,023059484;0,320542097
27,64173833;-0,174702317;0,257624835;0,446376622
27,65859807;-0,067193195;0,370173425;0,562437594
27,67545864;0,072079979;0,450805277;0,656508088
27,69231838;0,200510606;0,577861488;0,698045731
27,70917739;0,334897012;0,747677028;0,704154193
27,72603708;0,508377612;0,988350868;0,693158925
27,74289765;0,658646047;1,24979353;0,782342613
27,75975744;0,755159915;1,368297815;0,938872218
27,7766164;0,782037199;1,286444306;1,116017938
27,79347609;0,749051452;1,260788798;1,348139882
27,81033671;0,813801289;1,274227381;1,57537508
27,82719645;0,961626291;1,492910743;1,906454325
27,84405541;1,242616057;2,009687424;2,398797274
27,86091515;1,502836943;1,8691926;2,907021999
27,87777572;1,368450522;1,153279662;2,307170153
27,89463546;0,907871723;0,443475097;0,540447116
27,91149447;0,850452125;0,565644562;-0,543195903
27,92835416;1,367228866;1,128845692;-0,617719293
27,94521478;2,09169364;1,0335536;-0,74966228
27,96207452;2,717201233;0,454470366;-0,81685549
27,97893348;2,519286871;0,443475097;-0,755770743
27,99579317;1,793600321;1,385401607;-0,653148413
28,0126538;0,6965186;2,166064262;-0,480889499
28,02951353;-0,320083976;2,134300232;-0,33917293
28,04637249;-0,755007207;2,058555365;-0,256097704
28,06323223;-0,393385649;2,097649574;-0,262206197
28,0800928;0,410642058;1,836206913;-0,400257677
28,0969526;1,164427638;1,288887739;-0,517540336
28,11381156;1,504058719;0,882063448;-0,617719293
28,13067124;1,521162391;0,954143405;-0,735001981
28,14753187;1,31958282;1,125180602;-0,811968744
28,16439161;1,081352353;1,183822036;-0,789978206
28,18125062;0,80280602;1,244906664;-0,744775534
28,1981103;0,464396626;1,196038961;-0,711789787
28,21497088;0,133164704;1,06898272;-0,651926756
28,23183067;-0,1575986;0,922379375;-0,555412889
28,24868963;-0,458135456;0,737903476;-0,466229171
28,26554932;-0,643832982;0,873511553;-0,483332902
28,28240994;-0,614512324;1,269340634;-0,594507098
28,29926968;-0,560757756;1,553995371;-0,677582324
28,31612869;-0,52410692;1,820324779;-0,742332161
28,33298838;-0,312753797;2,095206022;-0,739888728
28,34984895;0,140647575;2,3859694;-0,432021737
28,36670874;0,505934238;2,428728819;-0,350168198
28,3835677;0,713622332;2,139187098;-0,292748541
28,40042739;0,83457005;1,27789247;-0,390484124
28,41728801;0,931083918;0,273659587;-0,463785768
28,43414775;0,760046721;0,287098199;-0,655591846
28,45100671;0,469283402;0,645054698;-0,821742296
28,46786645;0,366661072;1,015228152;-0,638488114
28,48472702;0,415528834;1,430604339;-0,267092973
28,50158682;0,275033981;1,518566251;0,104302168
28,51844577;0,167524859;1,799556017;0,486692548
28,53530546;-0,097735561;1,898513317;0,167830288
28,55216609;-0,359178186;1,45503819;-0,689799249
28,56902583;0,138204187;0,678040445;-1,555980682
28,58588484;1,027597785;-0,072232686;-1,906607032
28,60274452;0,761268377;-0,119878776;-1,501004457
28,6196051;-0,075745061;0,034054734;-0,954907
28,63646489;-0,294428378;0,024281178;-0,747218907
28,65332385;-0,266329408;0,790436328;-0,766766012
28,67018359;-0,235787049;1,303548098;-0,763100922
28,68704416;-0,16981554;0,704917729;-0,819298863
28,70390395;-0,087962002;-0,783258915;-0,815633774
28,72076291;-0,152711809;-1,664100647;-0,822963953
28,7376226;-0,298093468;-1,725185394;-0,841289401
28,75448322;-0,487456113;-1,63844502;-0,909704268
28,77134296;-0,3151972;-0,962848008;-0,857171416
28,78820197;0,240826532;-0,106440134;-0,829072416
28,80506166;0,466840029;0,009620844;-0,716676533
28,82192223;0,367882758;-0,229831278;-0,606724024
28,83878202;0,073301673;-0,391094953;-0,530978978
28,85564098;-0,189362645;-0,356887519;-0,486997992
28,87250072;-0,309088707;-0,129652336;-0,472337633
28,8893613;-0,342074454;0,219752297;-0,494328141
28,90622109;-0,384833783;0,427593082;-0,563964725
28,92308004;-0,480125934;0,41781953;-0,639709771
28,93993973;-0,526550353;0,305423617;-0,689799249
28,95680036;-0,475239158;0,266176701;-0,742332161
28,9736601;-0,388498843;0,289541602;-0,793643296
28,99051911;-0,351848006;0,317640573;-0,832737505
29,0073788;-0,356734812;0,400715798;-0,849841237
29,02423942;-0,375060231;0,425149679;-0,791199923
29,04109916;-0,401937485;0,373838514;-0,638488114
29,05795812;-0,442253411;0,256403148;-0,413696319
29,07481786;-0,410489351;0,172106221;-0,133928254
29,09167843;-0,296871781;-0,202954009;0,162943512
29,10853822;-0,200357899;-0,521816254;0,382848531
29,12539718;-0,151490122;-0,458288163;0,487914234
29,14225692;-0,156376898;-0,323901773;0,509904742
29,15911749;-0,245560601;-0,266482115;0,536782026
29,17597728;-0,387277156;-0,279920757;0,639404357
29,19283624;-0,511889994;-0,101553358;0,728588045
29,20969593;-0,478904247;0,321305662;0,748135209
29,22655656;-0,379947007;0,667045236;0,802042425
29,2434163;-0,252890766;0,918714285;0,898556292
29,2602753;-0,043981001;1,233911514;1,136786699
29,27713499;0,1797418;1,24246335;1,517955422
29,29399562;0,408198685;1,312099934;2,002968073
29,31085536;0,679414868;1,511236072;2,467211962
29,32771437;0,928640544;1,578429341;2,728654623
29,34457406;1,164427638;1,237576604;2,639471054
29,36143468;1,063026905;0,434923261;1,884463787
29,37829442;0,687966704;-0,642764032;0,671168447
29,39515343;0,986060202;0,004734066;-0,063069977
29,41201312;1,59935081;1,089751482;-0,270758033
29,42887374;1,996401548;2,192941666;-0,440573573
29,44573348;2,397117376;3,151971817;-0,507766783
29,46259244;2,885795116;3,451287031;-0,386819035
29,47945218;2,272504568;1,97548008;-0,188904509
29,49631275;1,324469566;1,329203606;-0,517540336
29,51317254;0,579235911;1,265675545;-0,61161083
29,5300315;0,205397397;1,307213187;-0,616497576
29,54689124;0,337340385;1,722589254;-0,645818293
29,56375187;0,824796498;2,428728819;-0,739888728
29,58061161;1,311030984;2,770803213;-0,84861958
29,59747057;1,416096687;2,582662106;-0,8840487
29,6143303;1,247502804;2,153847456;-0,914591074
29,63119088;1,136328578;1,692046881;-0,91947782
29,64805067;1,14976728;1,436712742;-0,991557837
29,66490963;1,111894727;1,480693698;-1,125944257
29,68176937;0,904206634;1,810551286;-1,249335408
29,69862994;0,619551837;2,128191948;-1,237118363
29,71548973;0,375212938;1,957154632;-1,078298092
29,73234869;0,112395898;1,448929667;-0,84861958
29,74920843;-0,103844032;0,916270912;-0,637266398
29,766069;-0,151490122;0,592521846;-0,513875246
29,7829288;-0,091627091;0,671931982;-0,546860993
29,79978775;-0,073301673;0,971247137;-0,625049472
29,81664749;-0,081853531;1,337755442;-0,658035219
29,83350807;0,043981001;1,745801449;-0,774096191
29,85036786;0,463174939;1,953489542;-0,842511058
29,86722682;0,885881245;1,909508586;-0,851062954
29,88408656;1,347681761;1,935164094;-0,925586283
29,90094718;1,406323075;1,4513731;-0,948798478
29,91780692;1,103342891;0,87106818;-0,996444583
29,93466588;0,830904961;1,045770526;-0,970789015
29,95152562;0,569462359;1,330425382;-1,118614078
29,96838624;0,439962745;1,371962905;-1,063637733
29,98524598;0,283585846;1,441599488;-0,658035219
